Nome do arquivo,Classe,Objeto,Fundo,Iluminacao,Local,Repeticao
ChineloAGDiaDentro1.jpg,Chinelo,A,Verde,Dia,Dentro,1
ChineloAGDiaDentro2.jpg,Chinelo,A,Verde,Dia,Dentro,2
ChineloAGDiaDentro3.jpg,Chinelo,A,Verde,Dia,Dentro,3
ChineloARDiaDentro1.jpg,Chinelo,A,Vermelho,Dia,Dentro,1
ChineloARDiaDentro2.jpg,Chinelo,A,Vermelho,Dia,Dentro,2
ChineloARDiaDentro3.jpg,Chinelo,A,Vermelho,Dia,Dentro,3
ChineloAWDiaDentro1.jpg,Chinelo,A,Branco,Dia,Dentro,1
ChineloAWDiaDentro2.jpg,Chinelo,A,Branco,Dia,Dentro,2
ChineloAWDiaDentro3.jpg,Chinelo,A,Branco,Dia,Dentro,3
ChineloBGDiaDentro1.jpg,Chinelo,B,Verde,Dia,Dentro,1
ChineloBGDiaDentro2.jpg,Chinelo,B,Verde,Dia,Dentro,2
ChineloBGDiaDentro3.jpg,Chinelo,B,Verde,Dia,Dentro,3
ChineloBRDiaDentro1.jpg,Chinelo,B,Vermelho,Dia,Dentro,1
ChineloBRDiaDentro2.jpg,Chinelo,B,Vermelho,Dia,Dentro,2
ChineloBRDiaDentro3.jpg,Chinelo,B,Vermelho,Dia,Dentro,3
ChineloBWDiaDentro1.jpg,Chinelo,B,Branco,Dia,Dentro,1
ChineloBWDiaDentro2.jpg,Chinelo,B,Branco,Dia,Dentro,2
ChineloBWDiaDentro3.jpg,Chinelo,B,Branco,Dia,Dentro,3
ChineloCGDiaDentro1.jpg,Chinelo,C,Verde,Dia,Dentro,1
ChineloCGDiaDentro2.jpg,Chinelo,C,Verde,Dia,Dentro,2
ChineloCGDiaDentro3.jpg,Chinelo,C,Verde,Dia,Dentro,3
ChineloCRDiaDentro1.jpg,Chinelo,C,Vermelho,Dia,Dentro,1
ChineloCRDiaDentro2.jpg,Chinelo,C,Vermelho,Dia,Dentro,2
ChineloCRDiaDentro3.jpg,Chinelo,C,Vermelho,Dia,Dentro,3
ChineloCWDiaDentro1.jpg,Chinelo,C,Branco,Dia,Dentro,1
ChineloCWDiaDentro2.jpg,Chinelo,C,Branco,Dia,Dentro,2
ChineloCWDiaDentro3.jpg,Chinelo,C,Branco,Dia,Dentro,3
ChineloAGNoiteDentro1.jpg,Chinelo,A,Verde,Noite,Dentro,1
ChineloAGNoiteDentro2.jpg,Chinelo,A,Verde,Noite,Dentro,2
ChineloAGNoiteDentro3.jpg,Chinelo,A,Verde,Noite,Dentro,3
ChineloARNoiteDentro1.jpg,Chinelo,A,Vermelho,Noite,Dentro,1
ChineloARNoiteDentro2.jpg,Chinelo,A,Vermelho,Noite,Dentro,2
ChineloARNoiteDentro3.jpg,Chinelo,A,Vermelho,Noite,Dentro,3
ChineloAWNoiteDentro1.jpg,Chinelo,A,Branco,Noite,Dentro,1
ChineloAWNoiteDentro2.jpg,Chinelo,A,Branco,Noite,Dentro,2
ChineloAWNoiteDentro3.jpg,Chinelo,A,Branco,Noite,Dentro,3
ChineloBGNoiteDentro1.jpg,Chinelo,B,Verde,Noite,Dentro,1
ChineloBGNoiteDentro2.jpg,Chinelo,B,Verde,Noite,Dentro,2
ChineloBGNoiteDentro3.jpg,Chinelo,B,Verde,Noite,Dentro,3
ChineloBRNoiteDentro1.jpg,Chinelo,B,Vermelho,Noite,Dentro,1
ChineloBRNoiteDentro2.jpg,Chinelo,B,Vermelho,Noite,Dentro,2
ChineloBRNoiteDentro3.jpg,Chinelo,B,Vermelho,Noite,Dentro,3
ChineloBWNoiteDentro1.jpg,Chinelo,B,Branco,Noite,Dentro,1
ChineloBWNoiteDentro2.jpg,Chinelo,B,Branco,Noite,Dentro,2
ChineloBWNoiteDentro3.jpg,Chinelo,B,Branco,Noite,Dentro,3
ChineloCGNoiteDentro1.jpg,Chinelo,C,Verde,Noite,Dentro,1
ChineloCGNoiteDentro2.jpg,Chinelo,C,Verde,Noite,Dentro,2
ChineloCGNoiteDentro3.jpg,Chinelo,C,Verde,Noite,Dentro,3
ChineloCRNoiteDentro1.jpg,Chinelo,C,Vermelho,Noite,Dentro,1
ChineloCRNoiteDentro2.jpg,Chinelo,C,Vermelho,Noite,Dentro,2
ChineloCRNoiteDentro3.jpg,Chinelo,C,Vermelho,Noite,Dentro,3
ChineloCWNoiteDentro1.jpg,Chinelo,C,Branco,Noite,Dentro,1
ChineloCWNoiteDentro2.jpg,Chinelo,C,Branco,Noite,Dentro,2
ChineloCWNoiteDentro3.jpg,Chinelo,C,Branco,Noite,Dentro,3
ChineloAWDiaFora1.jpg,Chinelo,A,Branco,Dia,Fora,1
ChineloAWDiaFora2.jpg,Chinelo,A,Branco,Dia,Fora,2
ChineloAWDiaFora3.jpg,Chinelo,A,Branco,Dia,Fora,3
ChineloBWDiaFora1.jpg,Chinelo,B,Branco,Dia,Fora,1
ChineloBWDiaFora2.jpg,Chinelo,B,Branco,Dia,Fora,2
ChineloBWDiaFora3.jpg,Chinelo,B,Branco,Dia,Fora,3
ChineloCWDiaFora1.jpg,Chinelo,C,Branco,Dia,Fora,1
ChineloCWDiaFora2.jpg,Chinelo,C,Branco,Dia,Fora,2
ChineloCWDiaFora3.jpg,Chinelo,C,Branco,Dia,Fora,3
ChineloAGDiaFora1.jpg,Chinelo,A,Verde,Dia,Fora,1
ChineloAGDiaFora2.jpg,Chinelo,A,Verde,Dia,Fora,2
ChineloAGDiaFora3.jpg,Chinelo,A,Verde,Dia,Fora,3
ChineloBGDiaFora1.jpg,Chinelo,B,Verde,Dia,Fora,1
ChineloBGDiaFora2.jpg,Chinelo,B,Verde,Dia,Fora,2
ChineloBGDiaFora3.jpg,Chinelo,B,Verde,Dia,Fora,3
ChineloCGDiaFora1.jpg,Chinelo,C,Verde,Dia,Fora,1
ChineloCGDiaFora2.jpg,Chinelo,C,Verde,Dia,Fora,2
ChineloCGDiaFora3.jpg,Chinelo,C,Verde,Dia,Fora,3
ChineloARDiaFora1.jpg,Chinelo,A,Vermelho,Dia,Fora,1
ChineloARDiaFora2.jpg,Chinelo,A,Vermelho,Dia,Fora,2
ChineloARDiaFora3.jpg,Chinelo,A,Vermelho,Dia,Fora,3
ChineloBRDiaFora1.jpg,Chinelo,B,Vermelho,Dia,Fora,1
ChineloBRDiaFora2.jpg,Chinelo,B,Vermelho,Dia,Fora,2
ChineloBRDiaFora3.jpg,Chinelo,B,Vermelho,Dia,Fora,3
ChineloCRDiaFora1.jpg,Chinelo,C,Vermelho,Dia,Fora,1
ChineloCRDiaFora2.jpg,Chinelo,C,Vermelho,Dia,Fora,2
ChineloCRDiaFora3.jpg,Chinelo,C,Vermelho,Dia,Fora,3
ChineloAWNoiteFora1.jpg,Chinelo,A,Branco,Noite,Fora,1
ChineloAWNoiteFora2.jpg,Chinelo,A,Branco,Noite,Fora,2
ChineloAWNoiteFora3.jpg,Chinelo,A,Branco,Noite,Fora,3
ChineloBWNoiteFora1.jpg,Chinelo,B,Branco,Noite,Fora,1
ChineloBWNoiteFora2.jpg,Chinelo,B,Branco,Noite,Fora,2
ChineloBWNoiteFora3.jpg,Chinelo,B,Branco,Noite,Fora,3
ChineloCWNoiteFora1.jpg,Chinelo,C,Branco,Noite,Fora,1
ChineloCWNoiteFora2.jpg,Chinelo,C,Branco,Noite,Fora,2
ChineloCWNoiteFora3.jpg,Chinelo,C,Branco,Noite,Fora,3
ChineloAGNoiteFora1.jpg,Chinelo,A,Verde,Noite,Fora,1
ChineloAGNoiteFora2.jpg,Chinelo,A,Verde,Noite,Fora,2
ChineloAGNoiteFora3.jpg,Chinelo,A,Verde,Noite,Fora,3
ChineloBGNoiteFora1.jpg,Chinelo,B,Verde,Noite,Fora,1
ChineloBGNoiteFora2.jpg,Chinelo,B,Verde,Noite,Fora,2
ChineloBGNoiteFora3.jpg,Chinelo,B,Verde,Noite,Fora,3
ChineloCGNoiteFora1.jpg,Chinelo,C,Verde,Noite,Fora,1
ChineloCGNoiteFora2.jpg,Chinelo,C,Verde,Noite,Fora,2
ChineloCGNoiteFora3.jpg,Chinelo,C,Verde,Noite,Fora,3
ChineloARNoiteFora1.jpg,Chinelo,A,Vermelho,Noite,Fora,1
ChineloARNoiteFora2.jpg,Chinelo,A,Vermelho,Noite,Fora,2
ChineloARNoiteFora3.jpg,Chinelo,A,Vermelho,Noite,Fora,3
ChineloBRNoiteFora1.jpg,Chinelo,B,Vermelho,Noite,Fora,1
ChineloBRNoiteFora2.jpg,Chinelo,B,Vermelho,Noite,Fora,2
ChineloBRNoiteFora3.jpg,Chinelo,B,Vermelho,Noite,Fora,3
ChineloCRNoiteFora1.jpg,Chinelo,C,Vermelho,Noite,Fora,1
ChineloCRNoiteFora2.jpg,Chinelo,C,Vermelho,Noite,Fora,2
ChineloCRNoiteFora3.jpg,Chinelo,C,Vermelho,Noite,Fora,3
GrampeadorAWNoiteDentro1.JPG,Grampeador,A,Branco,Noite,Dentro,1
GrampeadorAWNoiteDentro2.JPG,Grampeador,A,Branco,Noite,Dentro,2
GrampeadorAWNoiteDentro3.JPG,Grampeador,A,Branco,Noite,Dentro,3
GrampeadorBWNoiteDentro1.JPG,Grampeador,B,Branco,Noite,Dentro,1
GrampeadorBWNoiteDentro2.JPG,Grampeador,B,Branco,Noite,Dentro,2
GrampeadorBWNoiteDentro3.JPG,Grampeador,B,Branco,Noite,Dentro,3
GrampeadorCWNoiteDentro1.JPG,Grampeador,C,Branco,Noite,Dentro,1
GrampeadorCWNoiteDentro2.JPG,Grampeador,C,Branco,Noite,Dentro,2
GrampeadorCWNoiteDentro3.JPG,Grampeador,C,Branco,Noite,Dentro,3
FendaAWNoiteDentro1.JPG,Fenda,A,Branco,Noite,Dentro,1
FendaAWNoiteDentro2.JPG,Fenda,A,Branco,Noite,Dentro,2
FendaAWNoiteDentro3.JPG,Fenda,A,Branco,Noite,Dentro,3
FendaBWNoiteDentro1.JPG,Fenda,B,Branco,Noite,Dentro,1
FendaBWNoiteDentro2.JPG,Fenda,B,Branco,Noite,Dentro,2
FendaBWNoiteDentro3.JPG,Fenda,B,Branco,Noite,Dentro,3
FendaCWNoiteDentro1.JPG,Fenda,C,Branco,Noite,Dentro,1
FendaCWNoiteDentro2.JPG,Fenda,C,Branco,Noite,Dentro,2
FendaCWNoiteDentro3.JPG,Fenda,C,Branco,Noite,Dentro,3
EscovaAWNoiteDentro1.JPG,Escova,A,Branco,Noite,Dentro,1
EscovaAWNoiteDentro2.JPG,Escova,A,Branco,Noite,Dentro,2
EscovaAWNoiteDentro3.JPG,Escova,A,Branco,Noite,Dentro,3
EscovaBWNoiteDentro1.JPG,Escova,B,Branco,Noite,Dentro,1
EscovaBWNoiteDentro2.JPG,Escova,B,Branco,Noite,Dentro,2
EscovaBWNoiteDentro3.JPG,Escova,B,Branco,Noite,Dentro,3
EscovaCWNoiteDentro1.JPG,Escova,C,Branco,Noite,Dentro,1
EscovaCWNoiteDentro2.JPG,Escova,C,Branco,Noite,Dentro,2
EscovaCWNoiteDentro3.JPG,Escova,C,Branco,Noite,Dentro,3
MoedaAWNoiteDentro1.JPG,Moeda,A,Branco,Noite,Dentro,1
MoedaAWNoiteDentro2.JPG,Moeda,A,Branco,Noite,Dentro,2
MoedaAWNoiteDentro3.JPG,Moeda,A,Branco,Noite,Dentro,3
MoedaBWNoiteDentro1.JPG,Moeda,B,Branco,Noite,Dentro,1
MoedaBWNoiteDentro2.JPG,Moeda,B,Branco,Noite,Dentro,2
MoedaBWNoiteDentro3.JPG,Moeda,B,Branco,Noite,Dentro,3
MoedaCWNoiteDentro1.JPG,Moeda,C,Branco,Noite,Dentro,1
MoedaCWNoiteDentro2.JPG,Moeda,C,Branco,Noite,Dentro,2
MoedaCWNoiteDentro3.JPG,Moeda,C,Branco,Noite,Dentro,3
GrampeadorARNoiteDentro1.JPG,Grampeador,A,Vermelho,Noite,Dentro,1
GrampeadorARNoiteDentro2.JPG,Grampeador,A,Vermelho,Noite,Dentro,2
GrampeadorARNoiteDentro3.JPG,Grampeador,A,Vermelho,Noite,Dentro,3
GrampeadorBRNoiteDentro1.JPG,Grampeador,B,Vermelho,Noite,Dentro,1
GrampeadorBRNoiteDentro2.JPG,Grampeador,B,Vermelho,Noite,Dentro,2
GrampeadorBRNoiteDentro3.JPG,Grampeador,B,Vermelho,Noite,Dentro,3
GrampeadorCRNoiteDentro1.JPG,Grampeador,C,Vermelho,Noite,Dentro,1
GrampeadorCRNoiteDentro2.JPG,Grampeador,C,Vermelho,Noite,Dentro,2
GrampeadorCRNoiteDentro3.JPG,Grampeador,C,Vermelho,Noite,Dentro,3
FendaARNoiteDentro1.JPG,Fenda,A,Vermelho,Noite,Dentro,1
FendaARNoiteDentro2.JPG,Fenda,A,Vermelho,Noite,Dentro,2
FendaARNoiteDentro3.JPG,Fenda,A,Vermelho,Noite,Dentro,3
FendaBRNoiteDentro1.JPG,Fenda,B,Vermelho,Noite,Dentro,1
FendaBRNoiteDentro2.JPG,Fenda,B,Vermelho,Noite,Dentro,2
FendaBRNoiteDentro3.JPG,Fenda,B,Vermelho,Noite,Dentro,3
FendaCRNoiteDentro1.JPG,Fenda,C,Vermelho,Noite,Dentro,1
FendaCRNoiteDentro2.JPG,Fenda,C,Vermelho,Noite,Dentro,2
FendaCRNoiteDentro3.JPG,Fenda,C,Vermelho,Noite,Dentro,3
EscovaARNoiteDentro1.JPG,Escova,A,Vermelho,Noite,Dentro,1
EscovaARNoiteDentro2.JPG,Escova,A,Vermelho,Noite,Dentro,2
EscovaARNoiteDentro3.JPG,Escova,A,Vermelho,Noite,Dentro,3
EscovaBRNoiteDentro1.JPG,Escova,B,Vermelho,Noite,Dentro,1
EscovaBRNoiteDentro2.JPG,Escova,B,Vermelho,Noite,Dentro,2
EscovaBRNoiteDentro3.JPG,Escova,B,Vermelho,Noite,Dentro,3
EscovaCRNoiteDentro1.JPG,Escova,C,Vermelho,Noite,Dentro,1
EscovaCRNoiteDentro2.JPG,Escova,C,Vermelho,Noite,Dentro,2
EscovaCRNoiteDentro3.JPG,Escova,C,Vermelho,Noite,Dentro,3
MoedaARNoiteDentro1.JPG,Moeda,A,Vermelho,Noite,Dentro,1
MoedaARNoiteDentro2.JPG,Moeda,A,Vermelho,Noite,Dentro,2
MoedaARNoiteDentro3.JPG,Moeda,A,Vermelho,Noite,Dentro,3
MoedaBRNoiteDentro1.JPG,Moeda,B,Vermelho,Noite,Dentro,1
MoedaBRNoiteDentro2.JPG,Moeda,B,Vermelho,Noite,Dentro,2
MoedaBRNoiteDentro3.JPG,Moeda,B,Vermelho,Noite,Dentro,3
MoedaCRNoiteDentro1.JPG,Moeda,C,Vermelho,Noite,Dentro,1
MoedaCRNoiteDentro2.JPG,Moeda,C,Vermelho,Noite,Dentro,2
MoedaCRNoiteDentro3.JPG,Moeda,C,Vermelho,Noite,Dentro,3
GrampeadorAGNoiteDentro1.JPG,Grampeador,A,Verde,Noite,Dentro,1
GrampeadorAGNoiteDentro2.JPG,Grampeador,A,Verde,Noite,Dentro,2
GrampeadorAGNoiteDentro3.JPG,Grampeador,A,Verde,Noite,Dentro,3
GrampeadorBGNoiteDentro1.JPG,Grampeador,B,Verde,Noite,Dentro,1
GrampeadorBGNoiteDentro2.JPG,Grampeador,B,Verde,Noite,Dentro,2
GrampeadorBGNoiteDentro3.JPG,Grampeador,B,Verde,Noite,Dentro,3
GrampeadorCGNoiteDentro1.JPG,Grampeador,C,Verde,Noite,Dentro,1
GrampeadorCGNoiteDentro2.JPG,Grampeador,C,Verde,Noite,Dentro,2
GrampeadorCGNoiteDentro3.JPG,Grampeador,C,Verde,Noite,Dentro,3
FendaAGNoiteDentro1.JPG,Fenda,A,Verde,Noite,Dentro,1
FendaAGNoiteDentro2.JPG,Fenda,A,Verde,Noite,Dentro,2
FendaAGNoiteDentro3.JPG,Fenda,A,Verde,Noite,Dentro,3
FendaBGNoiteDentro1.JPG,Fenda,B,Verde,Noite,Dentro,1
FendaBGNoiteDentro2.JPG,Fenda,B,Verde,Noite,Dentro,2
FendaBGNoiteDentro3.JPG,Fenda,B,Verde,Noite,Dentro,3
FendaCGNoiteDentro1.JPG,Fenda,C,Verde,Noite,Dentro,1
FendaCGNoiteDentro2.JPG,Fenda,C,Verde,Noite,Dentro,2
FendaCGNoiteDentro3.JPG,Fenda,C,Verde,Noite,Dentro,3
EscovaAGNoiteDentro1.JPG,Escova,A,Verde,Noite,Dentro,1
EscovaAGNoiteDentro2.JPG,Escova,A,Verde,Noite,Dentro,2
EscovaAGNoiteDentro3.JPG,Escova,A,Verde,Noite,Dentro,3
EscovaBGNoiteDentro1.JPG,Escova,B,Verde,Noite,Dentro,1
EscovaBGNoiteDentro2.JPG,Escova,B,Verde,Noite,Dentro,2
EscovaBGNoiteDentro3.JPG,Escova,B,Verde,Noite,Dentro,3
EscovaCGNoiteDentro1.JPG,Escova,C,Verde,Noite,Dentro,1
EscovaCGNoiteDentro2.JPG,Escova,C,Verde,Noite,Dentro,2
EscovaCGNoiteDentro3.JPG,Escova,C,Verde,Noite,Dentro,3
MoedaAGNoiteDentro1.JPG,Moeda,A,Verde,Noite,Dentro,1
MoedaAGNoiteDentro2.JPG,Moeda,A,Verde,Noite,Dentro,2
MoedaAGNoiteDentro3.JPG,Moeda,A,Verde,Noite,Dentro,3
MoedaBGNoiteDentro1.JPG,Moeda,B,Verde,Noite,Dentro,1
MoedaBGNoiteDentro2.JPG,Moeda,B,Verde,Noite,Dentro,2
MoedaBGNoiteDentro3.JPG,Moeda,B,Verde,Noite,Dentro,3
MoedaCGNoiteDentro1.JPG,Moeda,C,Verde,Noite,Dentro,1
MoedaCGNoiteDentro2.JPG,Moeda,C,Verde,Noite,Dentro,2
MoedaCGNoiteDentro3.JPG,Moeda,C,Verde,Noite,Dentro,3
GrampeadorAWNoiteFora1.JPG,Grampeador,A,Branco,Noite,Fora,1
GrampeadorAWNoiteFora2.JPG,Grampeador,A,Branco,Noite,Fora,2
GrampeadorAWNoiteFora3.JPG,Grampeador,A,Branco,Noite,Fora,3
GrampeadorBWNoiteFora1.JPG,Grampeador,B,Branco,Noite,Fora,1
GrampeadorBWNoiteFora2.JPG,Grampeador,B,Branco,Noite,Fora,2
GrampeadorBWNoiteFora3.JPG,Grampeador,B,Branco,Noite,Fora,3
GrampeadorCWNoiteFora1.JPG,Grampeador,C,Branco,Noite,Fora,1
GrampeadorCWNoiteFora2.JPG,Grampeador,C,Branco,Noite,Fora,2
GrampeadorCWNoiteFora3.JPG,Grampeador,C,Branco,Noite,Fora,3
FendaAWNoiteFora1.JPG,Fenda,A,Branco,Noite,Fora,1
FendaAWNoiteFora2.JPG,Fenda,A,Branco,Noite,Fora,2
FendaAWNoiteFora3.JPG,Fenda,A,Branco,Noite,Fora,3
FendaBWNoiteFora1.JPG,Fenda,B,Branco,Noite,Fora,1
FendaBWNoiteFora2.JPG,Fenda,B,Branco,Noite,Fora,2
FendaBWNoiteFora3.JPG,Fenda,B,Branco,Noite,Fora,3
FendaCWNoiteFora1.JPG,Fenda,C,Branco,Noite,Fora,1
FendaCWNoiteFora2.JPG,Fenda,C,Branco,Noite,Fora,2
FendaCWNoiteFora3.JPG,Fenda,C,Branco,Noite,Fora,3
EscovaAWNoiteFora1.JPG,Escova,A,Branco,Noite,Fora,1
EscovaAWNoiteFora2.JPG,Escova,A,Branco,Noite,Fora,2
EscovaAWNoiteFora3.JPG,Escova,A,Branco,Noite,Fora,3
EscovaBWNoiteFora1.JPG,Escova,B,Branco,Noite,Fora,1
EscovaBWNoiteFora2.JPG,Escova,B,Branco,Noite,Fora,2
EscovaBWNoiteFora3.JPG,Escova,B,Branco,Noite,Fora,3
EscovaCWNoiteFora1.JPG,Escova,C,Branco,Noite,Fora,1
EscovaCWNoiteFora2.JPG,Escova,C,Branco,Noite,Fora,2
EscovaCWNoiteFora3.JPG,Escova,C,Branco,Noite,Fora,3
MoedaAWNoiteFora1.JPG,Moeda,A,Branco,Noite,Fora,1
MoedaAWNoiteFora2.JPG,Moeda,A,Branco,Noite,Fora,2
MoedaAWNoiteFora3.JPG,Moeda,A,Branco,Noite,Fora,3
MoedaBWNoiteFora1.JPG,Moeda,B,Branco,Noite,Fora,1
MoedaBWNoiteFora2.JPG,Moeda,B,Branco,Noite,Fora,2
MoedaBWNoiteFora3.JPG,Moeda,B,Branco,Noite,Fora,3
MoedaCWNoiteFora1.JPG,Moeda,C,Branco,Noite,Fora,1
MoedaCWNoiteFora2.JPG,Moeda,C,Branco,Noite,Fora,2
MoedaCWNoiteFora3.JPG,Moeda,C,Branco,Noite,Fora,3
GrampeadorARNoiteFora1.JPG,Grampeador,A,Vermelho,Noite,Fora,1
GrampeadorARNoiteFora2.JPG,Grampeador,A,Vermelho,Noite,Fora,2
GrampeadorARNoiteFora3.JPG,Grampeador,A,Vermelho,Noite,Fora,3
GrampeadorBRNoiteFora1.JPG,Grampeador,B,Vermelho,Noite,Fora,1
GrampeadorBRNoiteFora2.JPG,Grampeador,B,Vermelho,Noite,Fora,2
GrampeadorBRNoiteFora3.JPG,Grampeador,B,Vermelho,Noite,Fora,3
GrampeadorCRNoiteFora1.JPG,Grampeador,C,Vermelho,Noite,Fora,1
GrampeadorCRNoiteFora2.JPG,Grampeador,C,Vermelho,Noite,Fora,2
GrampeadorCRNoiteFora3.JPG,Grampeador,C,Vermelho,Noite,Fora,3
FendaARNoiteFora1.JPG,Fenda,A,Vermelho,Noite,Fora,1
FendaARNoiteFora2.JPG,Fenda,A,Vermelho,Noite,Fora,2
FendaARNoiteFora3.JPG,Fenda,A,Vermelho,Noite,Fora,3
FendaBRNoiteFora1.JPG,Fenda,B,Vermelho,Noite,Fora,1
FendaBRNoiteFora2.JPG,Fenda,B,Vermelho,Noite,Fora,2
FendaBRNoiteFora3.JPG,Fenda,B,Vermelho,Noite,Fora,3
FendaCRNoiteFora1.JPG,Fenda,C,Vermelho,Noite,Fora,1
FendaCRNoiteFora2.JPG,Fenda,C,Vermelho,Noite,Fora,2
FendaCRNoiteFora3.JPG,Fenda,C,Vermelho,Noite,Fora,3
EscovaARNoiteFora1.JPG,Escova,A,Vermelho,Noite,Fora,1
EscovaARNoiteFora2.JPG,Escova,A,Vermelho,Noite,Fora,2
EscovaARNoiteFora3.JPG,Escova,A,Vermelho,Noite,Fora,3
EscovaBRNoiteFora1.JPG,Escova,B,Vermelho,Noite,Fora,1
EscovaBRNoiteFora2.JPG,Escova,B,Vermelho,Noite,Fora,2
EscovaBRNoiteFora3.JPG,Escova,B,Vermelho,Noite,Fora,3
EscovaCRNoiteFora1.JPG,Escova,C,Vermelho,Noite,Fora,1
EscovaCRNoiteFora2.JPG,Escova,C,Vermelho,Noite,Fora,2
EscovaCRNoiteFora3.JPG,Escova,C,Vermelho,Noite,Fora,3
MoedaARNoiteFora1.JPG,Moeda,A,Vermelho,Noite,Fora,1
MoedaARNoiteFora2.JPG,Moeda,A,Vermelho,Noite,Fora,2
MoedaARNoiteFora3.JPG,Moeda,A,Vermelho,Noite,Fora,3
MoedaBRNoiteFora1.JPG,Moeda,B,Vermelho,Noite,Fora,1
MoedaBRNoiteFora2.JPG,Moeda,B,Vermelho,Noite,Fora,2
MoedaBRNoiteFora3.JPG,Moeda,B,Vermelho,Noite,Fora,3
MoedaCRNoiteFora1.JPG,Moeda,C,Vermelho,Noite,Fora,1
MoedaCRNoiteFora2.JPG,Moeda,C,Vermelho,Noite,Fora,2
MoedaCRNoiteFora3.JPG,Moeda,C,Vermelho,Noite,Fora,3
GrampeadorAGNoiteFora1.JPG,Grampeador,A,Verde,Noite,Fora,1
GrampeadorAGNoiteFora2.JPG,Grampeador,A,Verde,Noite,Fora,2
GrampeadorAGNoiteFora3.JPG,Grampeador,A,Verde,Noite,Fora,3
GrampeadorBGNoiteFora1.JPG,Grampeador,B,Verde,Noite,Fora,1
GrampeadorBGNoiteFora2.JPG,Grampeador,B,Verde,Noite,Fora,2
GrampeadorBGNoiteFora3.JPG,Grampeador,B,Verde,Noite,Fora,3
GrampeadorCGNoiteFora1.JPG,Grampeador,C,Verde,Noite,Fora,1
GrampeadorCGNoiteFora2.JPG,Grampeador,C,Verde,Noite,Fora,2
GrampeadorCGNoiteFora3.JPG,Grampeador,C,Verde,Noite,Fora,3
FendaAGNoiteFora1.JPG,Fenda,A,Verde,Noite,Fora,1
FendaAGNoiteFora2.JPG,Fenda,A,Verde,Noite,Fora,2
FendaAGNoiteFora3.JPG,Fenda,A,Verde,Noite,Fora,3
FendaBGNoiteFora1.JPG,Fenda,B,Verde,Noite,Fora,1
FendaBGNoiteFora2.JPG,Fenda,B,Verde,Noite,Fora,2
FendaBGNoiteFora3.JPG,Fenda,B,Verde,Noite,Fora,3
FendaCGNoiteFora1.JPG,Fenda,C,Verde,Noite,Fora,1
FendaCGNoiteFora2.JPG,Fenda,C,Verde,Noite,Fora,2
FendaCGNoiteFora3.JPG,Fenda,C,Verde,Noite,Fora,3
EscovaAGNoiteFora1.JPG,Escova,A,Verde,Noite,Fora,1
EscovaAGNoiteFora2.JPG,Escova,A,Verde,Noite,Fora,2
EscovaAGNoiteFora3.JPG,Escova,A,Verde,Noite,Fora,3
EscovaBGNoiteFora1.JPG,Escova,B,Verde,Noite,Fora,1
EscovaBGNoiteFora2.JPG,Escova,B,Verde,Noite,Fora,2
EscovaBGNoiteFora3.JPG,Escova,B,Verde,Noite,Fora,3
EscovaCGNoiteFora1.JPG,Escova,C,Verde,Noite,Fora,1
EscovaCGNoiteFora2.JPG,Escova,C,Verde,Noite,Fora,2
EscovaCGNoiteFora3.JPG,Escova,C,Verde,Noite,Fora,3
MoedaAGNoiteFora1.JPG,Moeda,A,Verde,Noite,Fora,1
MoedaAGNoiteFora2.JPG,Moeda,A,Verde,Noite,Fora,2
MoedaAGNoiteFora3.JPG,Moeda,A,Verde,Noite,Fora,3
MoedaBGNoiteFora1.JPG,Moeda,B,Verde,Noite,Fora,1
MoedaBGNoiteFora2.JPG,Moeda,B,Verde,Noite,Fora,2
MoedaBGNoiteFora3.JPG,Moeda,B,Verde,Noite,Fora,3
MoedaCGNoiteFora1.JPG,Moeda,C,Verde,Noite,Fora,1
MoedaCGNoiteFora2.JPG,Moeda,C,Verde,Noite,Fora,2
MoedaCGNoiteFora3.JPG,Moeda,C,Verde,Noite,Fora,3
GrampeadorAWDiaDentro1.JPG,Grampeador,A,Branco,Dia,Dentro,1
GrampeadorAWDiaDentro2.JPG,Grampeador,A,Branco,Dia,Dentro,2
GrampeadorAWDiaDentro3.JPG,Grampeador,A,Branco,Dia,Dentro,3
GrampeadorBWDiaDentro1.JPG,Grampeador,B,Branco,Dia,Dentro,1
GrampeadorBWDiaDentro2.JPG,Grampeador,B,Branco,Dia,Dentro,2
GrampeadorBWDiaDentro3.JPG,Grampeador,B,Branco,Dia,Dentro,3
GrampeadorCWDiaDentro1.JPG,Grampeador,C,Branco,Dia,Dentro,1
GrampeadorCWDiaDentro2.JPG,Grampeador,C,Branco,Dia,Dentro,2
GrampeadorCWDiaDentro3.JPG,Grampeador,C,Branco,Dia,Dentro,3
FendaAWDiaDentro1.JPG,Fenda,A,Branco,Dia,Dentro,1
FendaAWDiaDentro2.JPG,Fenda,A,Branco,Dia,Dentro,2
FendaAWDiaDentro3.JPG,Fenda,A,Branco,Dia,Dentro,3
FendaBWDiaDentro1.JPG,Fenda,B,Branco,Dia,Dentro,1
FendaBWDiaDentro2.JPG,Fenda,B,Branco,Dia,Dentro,2
FendaBWDiaDentro3.JPG,Fenda,B,Branco,Dia,Dentro,3
FendaCWDiaDentro1.JPG,Fenda,C,Branco,Dia,Dentro,1
FendaCWDiaDentro2.JPG,Fenda,C,Branco,Dia,Dentro,2
FendaCWDiaDentro3.JPG,Fenda,C,Branco,Dia,Dentro,3
EscovaAWDiaDentro1.JPG,Escova,A,Branco,Dia,Dentro,1
EscovaAWDiaDentro2.JPG,Escova,A,Branco,Dia,Dentro,2
EscovaAWDiaDentro3.JPG,Escova,A,Branco,Dia,Dentro,3
EscovaBWDiaDentro1.JPG,Escova,B,Branco,Dia,Dentro,1
EscovaBWDiaDentro2.JPG,Escova,B,Branco,Dia,Dentro,2
EscovaBWDiaDentro3.JPG,Escova,B,Branco,Dia,Dentro,3
EscovaCWDiaDentro1.JPG,Escova,C,Branco,Dia,Dentro,1
EscovaCWDiaDentro2.JPG,Escova,C,Branco,Dia,Dentro,2
EscovaCWDiaDentro3.JPG,Escova,C,Branco,Dia,Dentro,3
MoedaAWDiaDentro1.JPG,Moeda,A,Branco,Dia,Dentro,1
MoedaAWDiaDentro2.JPG,Moeda,A,Branco,Dia,Dentro,2
MoedaAWDiaDentro3.JPG,Moeda,A,Branco,Dia,Dentro,3
MoedaBWDiaDentro1.JPG,Moeda,B,Branco,Dia,Dentro,1
MoedaBWDiaDentro2.JPG,Moeda,B,Branco,Dia,Dentro,2
MoedaBWDiaDentro3.JPG,Moeda,B,Branco,Dia,Dentro,3
MoedaCWDiaDentro1.JPG,Moeda,C,Branco,Dia,Dentro,1
MoedaCWDiaDentro2.JPG,Moeda,C,Branco,Dia,Dentro,2
MoedaCWDiaDentro3.JPG,Moeda,C,Branco,Dia,Dentro,3
GrampeadorARDiaDentro1.JPG,Grampeador,A,Vermelho,Dia,Dentro,1
GrampeadorARDiaDentro2.JPG,Grampeador,A,Vermelho,Dia,Dentro,2
GrampeadorARDiaDentro3.JPG,Grampeador,A,Vermelho,Dia,Dentro,3
GrampeadorBRDiaDentro1.JPG,Grampeador,B,Vermelho,Dia,Dentro,1
GrampeadorBRDiaDentro2.JPG,Grampeador,B,Vermelho,Dia,Dentro,2
GrampeadorBRDiaDentro3.JPG,Grampeador,B,Vermelho,Dia,Dentro,3
GrampeadorCRDiaDentro1.JPG,Grampeador,C,Vermelho,Dia,Dentro,1
GrampeadorCRDiaDentro2.JPG,Grampeador,C,Vermelho,Dia,Dentro,2
GrampeadorCRDiaDentro3.JPG,Grampeador,C,Vermelho,Dia,Dentro,3
FendaARDiaDentro1.JPG,Fenda,A,Vermelho,Dia,Dentro,1
FendaARDiaDentro2.JPG,Fenda,A,Vermelho,Dia,Dentro,2
FendaARDiaDentro3.JPG,Fenda,A,Vermelho,Dia,Dentro,3
FendaBRDiaDentro1.JPG,Fenda,B,Vermelho,Dia,Dentro,1
FendaBRDiaDentro2.JPG,Fenda,B,Vermelho,Dia,Dentro,2
FendaBRDiaDentro3.JPG,Fenda,B,Vermelho,Dia,Dentro,3
FendaCRDiaDentro1.JPG,Fenda,C,Vermelho,Dia,Dentro,1
FendaCRDiaDentro2.JPG,Fenda,C,Vermelho,Dia,Dentro,2
FendaCRDiaDentro3.JPG,Fenda,C,Vermelho,Dia,Dentro,3
EscovaARDiaDentro1.JPG,Escova,A,Vermelho,Dia,Dentro,1
EscovaARDiaDentro2.JPG,Escova,A,Vermelho,Dia,Dentro,2
EscovaARDiaDentro3.JPG,Escova,A,Vermelho,Dia,Dentro,3
EscovaBRDiaDentro1.JPG,Escova,B,Vermelho,Dia,Dentro,1
EscovaBRDiaDentro2.JPG,Escova,B,Vermelho,Dia,Dentro,2
EscovaBRDiaDentro3.JPG,Escova,B,Vermelho,Dia,Dentro,3
EscovaCRDiaDentro1.JPG,Escova,C,Vermelho,Dia,Dentro,1
EscovaCRDiaDentro2.JPG,Escova,C,Vermelho,Dia,Dentro,2
EscovaCRDiaDentro3.JPG,Escova,C,Vermelho,Dia,Dentro,3
MoedaARDiaDentro1.JPG,Moeda,A,Vermelho,Dia,Dentro,1
MoedaARDiaDentro2.JPG,Moeda,A,Vermelho,Dia,Dentro,2
MoedaARDiaDentro3.JPG,Moeda,A,Vermelho,Dia,Dentro,3
MoedaBRDiaDentro1.JPG,Moeda,B,Vermelho,Dia,Dentro,1
MoedaBRDiaDentro2.JPG,Moeda,B,Vermelho,Dia,Dentro,2
MoedaBRDiaDentro3.JPG,Moeda,B,Vermelho,Dia,Dentro,3
MoedaCRDiaDentro1.JPG,Moeda,C,Vermelho,Dia,Dentro,1
MoedaCRDiaDentro2.JPG,Moeda,C,Vermelho,Dia,Dentro,2
MoedaCRDiaDentro3.JPG,Moeda,C,Vermelho,Dia,Dentro,3
GrampeadorAGDiaDentro1.JPG,Grampeador,A,Verde,Dia,Dentro,1
GrampeadorAGDiaDentro2.JPG,Grampeador,A,Verde,Dia,Dentro,2
GrampeadorAGDiaDentro3.JPG,Grampeador,A,Verde,Dia,Dentro,3
GrampeadorBGDiaDentro1.JPG,Grampeador,B,Verde,Dia,Dentro,1
GrampeadorBGDiaDentro2.JPG,Grampeador,B,Verde,Dia,Dentro,2
GrampeadorBGDiaDentro3.JPG,Grampeador,B,Verde,Dia,Dentro,3
GrampeadorCGDiaDentro1.JPG,Grampeador,C,Verde,Dia,Dentro,1
GrampeadorCGDiaDentro2.JPG,Grampeador,C,Verde,Dia,Dentro,2
GrampeadorCGDiaDentro3.JPG,Grampeador,C,Verde,Dia,Dentro,3
FendaAGDiaDentro1.JPG,Fenda,A,Verde,Dia,Dentro,1
FendaAGDiaDentro2.JPG,Fenda,A,Verde,Dia,Dentro,2
FendaAGDiaDentro3.JPG,Fenda,A,Verde,Dia,Dentro,3
FendaBGDiaDentro1.JPG,Fenda,B,Verde,Dia,Dentro,1
FendaBGDiaDentro2.JPG,Fenda,B,Verde,Dia,Dentro,2
FendaBGDiaDentro3.JPG,Fenda,B,Verde,Dia,Dentro,3
FendaCGDiaDentro1.JPG,Fenda,C,Verde,Dia,Dentro,1
FendaCGDiaDentro2.JPG,Fenda,C,Verde,Dia,Dentro,2
FendaCGDiaDentro3.JPG,Fenda,C,Verde,Dia,Dentro,3
EscovaAGDiaDentro1.JPG,Escova,A,Verde,Dia,Dentro,1
EscovaAGDiaDentro2.JPG,Escova,A,Verde,Dia,Dentro,2
EscovaAGDiaDentro3.JPG,Escova,A,Verde,Dia,Dentro,3
EscovaBGDiaDentro1.JPG,Escova,B,Verde,Dia,Dentro,1
EscovaBGDiaDentro2.JPG,Escova,B,Verde,Dia,Dentro,2
EscovaBGDiaDentro3.JPG,Escova,B,Verde,Dia,Dentro,3
EscovaCGDiaDentro1.JPG,Escova,C,Verde,Dia,Dentro,1
EscovaCGDiaDentro2.JPG,Escova,C,Verde,Dia,Dentro,2
EscovaCGDiaDentro3.JPG,Escova,C,Verde,Dia,Dentro,3
MoedaAGDiaDentro1.JPG,Moeda,A,Verde,Dia,Dentro,1
MoedaAGDiaDentro2.JPG,Moeda,A,Verde,Dia,Dentro,2
MoedaAGDiaDentro3.JPG,Moeda,A,Verde,Dia,Dentro,3
MoedaBGDiaDentro1.JPG,Moeda,B,Verde,Dia,Dentro,1
MoedaBGDiaDentro2.JPG,Moeda,B,Verde,Dia,Dentro,2
MoedaBGDiaDentro3.JPG,Moeda,B,Verde,Dia,Dentro,3
MoedaCGDiaDentro1.JPG,Moeda,C,Verde,Dia,Dentro,1
MoedaCGDiaDentro2.JPG,Moeda,C,Verde,Dia,Dentro,2
MoedaCGDiaDentro3.JPG,Moeda,C,Verde,Dia,Dentro,3
GrampeadorAWDiaFora1.JPG,Grampeador,A,Branco,Dia,Fora,1
GrampeadorAWDiaFora2.JPG,Grampeador,A,Branco,Dia,Fora,2
GrampeadorAWDiaFora3.JPG,Grampeador,A,Branco,Dia,Fora,3
GrampeadorBWDiaFora1.JPG,Grampeador,B,Branco,Dia,Fora,1
GrampeadorBWDiaFora2.JPG,Grampeador,B,Branco,Dia,Fora,2
GrampeadorBWDiaFora3.JPG,Grampeador,B,Branco,Dia,Fora,3
GrampeadorCWDiaFora1.JPG,Grampeador,C,Branco,Dia,Fora,1
GrampeadorCWDiaFora2.JPG,Grampeador,C,Branco,Dia,Fora,2
GrampeadorCWDiaFora3.JPG,Grampeador,C,Branco,Dia,Fora,3
FendaAWDiaFora1.JPG,Fenda,A,Branco,Dia,Fora,1
FendaAWDiaFora2.JPG,Fenda,A,Branco,Dia,Fora,2
FendaAWDiaFora3.JPG,Fenda,A,Branco,Dia,Fora,3
FendaBWDiaFora1.JPG,Fenda,B,Branco,Dia,Fora,1
FendaBWDiaFora2.JPG,Fenda,B,Branco,Dia,Fora,2
FendaBWDiaFora3.JPG,Fenda,B,Branco,Dia,Fora,3
FendaCWDiaFora1.JPG,Fenda,C,Branco,Dia,Fora,1
FendaCWDiaFora2.JPG,Fenda,C,Branco,Dia,Fora,2
FendaCWDiaFora3.JPG,Fenda,C,Branco,Dia,Fora,3
EscovaAWDiaFora1.JPG,Escova,A,Branco,Dia,Fora,1
EscovaAWDiaFora2.JPG,Escova,A,Branco,Dia,Fora,2
EscovaAWDiaFora3.JPG,Escova,A,Branco,Dia,Fora,3
EscovaBWDiaFora1.JPG,Escova,B,Branco,Dia,Fora,1
EscovaBWDiaFora2.JPG,Escova,B,Branco,Dia,Fora,2
EscovaBWDiaFora3.JPG,Escova,B,Branco,Dia,Fora,3
EscovaCWDiaFora1.JPG,Escova,C,Branco,Dia,Fora,1
EscovaCWDiaFora2.JPG,Escova,C,Branco,Dia,Fora,2
EscovaCWDiaFora3.JPG,Escova,C,Branco,Dia,Fora,3
MoedaAWDiaFora1.JPG,Moeda,A,Branco,Dia,Fora,1
MoedaAWDiaFora2.JPG,Moeda,A,Branco,Dia,Fora,2
MoedaAWDiaFora3.JPG,Moeda,A,Branco,Dia,Fora,3
MoedaBWDiaFora1.JPG,Moeda,B,Branco,Dia,Fora,1
MoedaBWDiaFora2.JPG,Moeda,B,Branco,Dia,Fora,2
MoedaBWDiaFora3.JPG,Moeda,B,Branco,Dia,Fora,3
MoedaCWDiaFora1.JPG,Moeda,C,Branco,Dia,Fora,1
MoedaCWDiaFora2.JPG,Moeda,C,Branco,Dia,Fora,2
MoedaCWDiaFora3.JPG,Moeda,C,Branco,Dia,Fora,3
GrampeadorARDiaFora1.JPG,Grampeador,A,Vermelho,Dia,Fora,1
GrampeadorARDiaFora2.JPG,Grampeador,A,Vermelho,Dia,Fora,2
GrampeadorARDiaFora3.JPG,Grampeador,A,Vermelho,Dia,Fora,3
GrampeadorBRDiaFora1.JPG,Grampeador,B,Vermelho,Dia,Fora,1
GrampeadorBRDiaFora2.JPG,Grampeador,B,Vermelho,Dia,Fora,2
GrampeadorBRDiaFora3.JPG,Grampeador,B,Vermelho,Dia,Fora,3
GrampeadorCRDiaFora1.JPG,Grampeador,C,Vermelho,Dia,Fora,1
GrampeadorCRDiaFora2.JPG,Grampeador,C,Vermelho,Dia,Fora,2
GrampeadorCRDiaFora3.JPG,Grampeador,C,Vermelho,Dia,Fora,3
FendaARDiaFora1.JPG,Fenda,A,Vermelho,Dia,Fora,1
FendaARDiaFora2.JPG,Fenda,A,Vermelho,Dia,Fora,2
FendaARDiaFora3.JPG,Fenda,A,Vermelho,Dia,Fora,3
FendaBRDiaFora1.JPG,Fenda,B,Vermelho,Dia,Fora,1
FendaBRDiaFora2.JPG,Fenda,B,Vermelho,Dia,Fora,2
FendaBRDiaFora3.JPG,Fenda,B,Vermelho,Dia,Fora,3
FendaCRDiaFora1.JPG,Fenda,C,Vermelho,Dia,Fora,1
FendaCRDiaFora2.JPG,Fenda,C,Vermelho,Dia,Fora,2
FendaCRDiaFora3.JPG,Fenda,C,Vermelho,Dia,Fora,3
EscovaARDiaFora1.JPG,Escova,A,Vermelho,Dia,Fora,1
EscovaARDiaFora2.JPG,Escova,A,Vermelho,Dia,Fora,2
EscovaARDiaFora3.JPG,Escova,A,Vermelho,Dia,Fora,3
EscovaBRDiaFora1.JPG,Escova,B,Vermelho,Dia,Fora,1
EscovaBRDiaFora2.JPG,Escova,B,Vermelho,Dia,Fora,2
EscovaBRDiaFora3.JPG,Escova,B,Vermelho,Dia,Fora,3
EscovaCRDiaFora1.JPG,Escova,C,Vermelho,Dia,Fora,1
EscovaCRDiaFora2.JPG,Escova,C,Vermelho,Dia,Fora,2
EscovaCRDiaFora3.JPG,Escova,C,Vermelho,Dia,Fora,3
MoedaARDiaFora1.JPG,Moeda,A,Vermelho,Dia,Fora,1
MoedaARDiaFora2.JPG,Moeda,A,Vermelho,Dia,Fora,2
MoedaARDiaFora3.JPG,Moeda,A,Vermelho,Dia,Fora,3
MoedaBRDiaFora1.JPG,Moeda,B,Vermelho,Dia,Fora,1
MoedaBRDiaFora2.JPG,Moeda,B,Vermelho,Dia,Fora,2
MoedaBRDiaFora3.JPG,Moeda,B,Vermelho,Dia,Fora,3
MoedaCRDiaFora1.JPG,Moeda,C,Vermelho,Dia,Fora,1
MoedaCRDiaFora2.JPG,Moeda,C,Vermelho,Dia,Fora,2
MoedaCRDiaFora3.JPG,Moeda,C,Vermelho,Dia,Fora,3
GrampeadorAGDiaFora1.JPG,Grampeador,A,Verde,Dia,Fora,1
GrampeadorAGDiaFora2.JPG,Grampeador,A,Verde,Dia,Fora,2
GrampeadorAGDiaFora3.JPG,Grampeador,A,Verde,Dia,Fora,3
GrampeadorBGDiaFora1.JPG,Grampeador,B,Verde,Dia,Fora,1
GrampeadorBGDiaFora2.JPG,Grampeador,B,Verde,Dia,Fora,2
GrampeadorBGDiaFora3.JPG,Grampeador,B,Verde,Dia,Fora,3
GrampeadorCGDiaFora1.JPG,Grampeador,C,Verde,Dia,Fora,1
GrampeadorCGDiaFora2.JPG,Grampeador,C,Verde,Dia,Fora,2
GrampeadorCGDiaFora3.JPG,Grampeador,C,Verde,Dia,Fora,3
FendaAGDiaFora1.JPG,Fenda,A,Verde,Dia,Fora,1
FendaAGDiaFora2.JPG,Fenda,A,Verde,Dia,Fora,2
FendaAGDiaFora3.JPG,Fenda,A,Verde,Dia,Fora,3
FendaBGDiaFora1.JPG,Fenda,B,Verde,Dia,Fora,1
FendaBGDiaFora2.JPG,Fenda,B,Verde,Dia,Fora,2
FendaBGDiaFora3.JPG,Fenda,B,Verde,Dia,Fora,3
FendaCGDiaFora1.JPG,Fenda,C,Verde,Dia,Fora,1
FendaCGDiaFora2.JPG,Fenda,C,Verde,Dia,Fora,2
FendaCGDiaFora3.JPG,Fenda,C,Verde,Dia,Fora,3
EscovaAGDiaFora1.JPG,Escova,A,Verde,Dia,Fora,1
EscovaAGDiaFora2.JPG,Escova,A,Verde,Dia,Fora,2
EscovaAGDiaFora3.JPG,Escova,A,Verde,Dia,Fora,3
EscovaBGDiaFora1.JPG,Escova,B,Verde,Dia,Fora,1
EscovaBGDiaFora2.JPG,Escova,B,Verde,Dia,Fora,2
EscovaBGDiaFora3.JPG,Escova,B,Verde,Dia,Fora,3
EscovaCGDiaFora1.JPG,Escova,C,Verde,Dia,Fora,1
EscovaCGDiaFora2.JPG,Escova,C,Verde,Dia,Fora,2
EscovaCGDiaFora3.JPG,Escova,C,Verde,Dia,Fora,3
MoedaAGDiaFora1.JPG,Moeda,A,Verde,Dia,Fora,1
MoedaAGDiaFora2.JPG,Moeda,A,Verde,Dia,Fora,2
MoedaAGDiaFora3.JPG,Moeda,A,Verde,Dia,Fora,3
MoedaBGDiaFora1.JPG,Moeda,B,Verde,Dia,Fora,1
MoedaBGDiaFora2.JPG,Moeda,B,Verde,Dia,Fora,2
MoedaBGDiaFora3.JPG,Moeda,B,Verde,Dia,Fora,3
MoedaCGDiaFora1.JPG,Moeda,C,Verde,Dia,Fora,1
MoedaCGDiaFora2.JPG,Moeda,C,Verde,Dia,Fora,2
MoedaCGDiaFora3.JPG,Moeda,C,Verde,Dia,Fora,3
RolhaAGDiaDentro1.jpg,Rolha,A,Verde,Dia,Dentro,1
RolhaAGDiaDentro2.jpg,Rolha,A,Verde,Dia,Dentro,2
RolhaAGDiaDentro3.jpg,Rolha,A,Verde,Dia,Dentro,3
RolhaARDiaDentro1.jpg,Rolha,A,Vermelho,Dia,Dentro,1
RolhaARDiaDentro2.jpg,Rolha,A,Vermelho,Dia,Dentro,2
RolhaARDiaDentro3.jpg,Rolha,A,Vermelho,Dia,Dentro,3
RolhaAWDiaDentro1.jpg,Rolha,A,Branco,Dia,Dentro,1
RolhaAWDiaDentro2.jpg,Rolha,A,Branco,Dia,Dentro,2
RolhaAWDiaDentro3.jpg,Rolha,A,Branco,Dia,Dentro,3
RolhaBGDiaDentro1.jpg,Rolha,B,Verde,Dia,Dentro,1
RolhaBGDiaDentro2.jpg,Rolha,B,Verde,Dia,Dentro,2
RolhaBGDiaDentro3.jpg,Rolha,B,Verde,Dia,Dentro,3
RolhaBRDiaDentro1.jpg,Rolha,B,Vermelho,Dia,Dentro,1
RolhaBRDiaDentro2.jpg,Rolha,B,Vermelho,Dia,Dentro,2
RolhaBRDiaDentro3.jpg,Rolha,B,Vermelho,Dia,Dentro,3
RolhaBWDiaDentro1.jpg,Rolha,B,Branco,Dia,Dentro,1
RolhaBWDiaDentro2.jpg,Rolha,B,Branco,Dia,Dentro,2
RolhaBWDiaDentro3.jpg,Rolha,B,Branco,Dia,Dentro,3
RolhaCGDiaDentro1.jpg,Rolha,C,Verde,Dia,Dentro,1
RolhaCGDiaDentro2.jpg,Rolha,C,Verde,Dia,Dentro,2
RolhaCGDiaDentro3.jpg,Rolha,C,Verde,Dia,Dentro,3
RolhaCRDiaDentro1.jpg,Rolha,C,Vermelho,Dia,Dentro,1
RolhaCRDiaDentro2.jpg,Rolha,C,Vermelho,Dia,Dentro,2
RolhaCRDiaDentro3.jpg,Rolha,C,Vermelho,Dia,Dentro,3
RolhaCWDiaDentro1.jpg,Rolha,C,Branco,Dia,Dentro,1
RolhaCWDiaDentro2.jpg,Rolha,C,Branco,Dia,Dentro,2
RolhaCWDiaDentro3.jpg,Rolha,C,Branco,Dia,Dentro,3
RolhaAGNoiteDentro1.jpg,Rolha,A,Verde,Noite,Dentro,1
RolhaAGNoiteDentro2.jpg,Rolha,A,Verde,Noite,Dentro,2
RolhaAGNoiteDentro3.jpg,Rolha,A,Verde,Noite,Dentro,3
RolhaARNoiteDentro1.jpg,Rolha,A,Vermelho,Noite,Dentro,1
RolhaARNoiteDentro2.jpg,Rolha,A,Vermelho,Noite,Dentro,2
RolhaARNoiteDentro3.jpg,Rolha,A,Vermelho,Noite,Dentro,3
RolhaAWNoiteDentro1.jpg,Rolha,A,Branco,Noite,Dentro,1
RolhaAWNoiteDentro2.jpg,Rolha,A,Branco,Noite,Dentro,2
RolhaAWNoiteDentro3.jpg,Rolha,A,Branco,Noite,Dentro,3
RolhaBGNoiteDentro1.jpg,Rolha,B,Verde,Noite,Dentro,1
RolhaBGNoiteDentro2.jpg,Rolha,B,Verde,Noite,Dentro,2
RolhaBGNoiteDentro3.jpg,Rolha,B,Verde,Noite,Dentro,3
RolhaBRNoiteDentro1.jpg,Rolha,B,Vermelho,Noite,Dentro,1
RolhaBRNoiteDentro2.jpg,Rolha,B,Vermelho,Noite,Dentro,2
RolhaBRNoiteDentro3.jpg,Rolha,B,Vermelho,Noite,Dentro,3
RolhaBWNoiteDentro1.jpg,Rolha,B,Branco,Noite,Dentro,1
RolhaBWNoiteDentro2.jpg,Rolha,B,Branco,Noite,Dentro,2
RolhaBWNoiteDentro3.jpg,Rolha,B,Branco,Noite,Dentro,3
RolhaCGNoiteDentro1.jpg,Rolha,C,Verde,Noite,Dentro,1
RolhaCGNoiteDentro2.jpg,Rolha,C,Verde,Noite,Dentro,2
RolhaCGNoiteDentro3.jpg,Rolha,C,Verde,Noite,Dentro,3
RolhaCRNoiteDentro1.jpg,Rolha,C,Vermelho,Noite,Dentro,1
RolhaCRNoiteDentro2.jpg,Rolha,C,Vermelho,Noite,Dentro,2
RolhaCRNoiteDentro3.jpg,Rolha,C,Vermelho,Noite,Dentro,3
RolhaCWNoiteDentro1.jpg,Rolha,C,Branco,Noite,Dentro,1
RolhaCWNoiteDentro2.jpg,Rolha,C,Branco,Noite,Dentro,2
RolhaCWNoiteDentro3.jpg,Rolha,C,Branco,Noite,Dentro,3
RolhaAWDiaFora1.jpg,Rolha,A,Branco,Dia,Fora,1
RolhaAWDiaFora2.jpg,Rolha,A,Branco,Dia,Fora,2
RolhaAWDiaFora3.jpg,Rolha,A,Branco,Dia,Fora,3
RolhaBWDiaFora1.jpg,Rolha,B,Branco,Dia,Fora,1
RolhaBWDiaFora2.jpg,Rolha,B,Branco,Dia,Fora,2
RolhaBWDiaFora3.jpg,Rolha,B,Branco,Dia,Fora,3
RolhaCWDiaFora1.jpg,Rolha,C,Branco,Dia,Fora,1
RolhaCWDiaFora2.jpg,Rolha,C,Branco,Dia,Fora,2
RolhaCWDiaFora3.jpg,Rolha,C,Branco,Dia,Fora,3
RolhaAGDiaFora1.jpg,Rolha,A,Verde,Dia,Fora,1
RolhaAGDiaFora2.jpg,Rolha,A,Verde,Dia,Fora,2
RolhaAGDiaFora3.jpg,Rolha,A,Verde,Dia,Fora,3
RolhaBGDiaFora1.jpg,Rolha,B,Verde,Dia,Fora,1
RolhaBGDiaFora2.jpg,Rolha,B,Verde,Dia,Fora,2
RolhaBGDiaFora3.jpg,Rolha,B,Verde,Dia,Fora,3
RolhaCGDiaFora1.jpg,Rolha,C,Verde,Dia,Fora,1
RolhaCGDiaFora2.jpg,Rolha,C,Verde,Dia,Fora,2
RolhaCGDiaFora3.jpg,Rolha,C,Verde,Dia,Fora,3
RolhaARDiaFora1.jpg,Rolha,A,Vermelho,Dia,Fora,1
RolhaARDiaFora2.jpg,Rolha,A,Vermelho,Dia,Fora,2
RolhaARDiaFora3.jpg,Rolha,A,Vermelho,Dia,Fora,3
RolhaBRDiaFora1.jpg,Rolha,B,Vermelho,Dia,Fora,1
RolhaBRDiaFora2.jpg,Rolha,B,Vermelho,Dia,Fora,2
RolhaBRDiaFora3.jpg,Rolha,B,Vermelho,Dia,Fora,3
RolhaCRDiaFora1.jpg,Rolha,C,Vermelho,Dia,Fora,1
RolhaCRDiaFora2.jpg,Rolha,C,Vermelho,Dia,Fora,2
RolhaCRDiaFora3.jpg,Rolha,C,Vermelho,Dia,Fora,3
RolhaAWNoiteFora1.jpg,Rolha,A,Branco,Noite,Fora,1
RolhaAWNoiteFora2.jpg,Rolha,A,Branco,Noite,Fora,2
RolhaAWNoiteFora3.jpg,Rolha,A,Branco,Noite,Fora,3
RolhaBWNoiteFora1.jpg,Rolha,B,Branco,Noite,Fora,1
RolhaBWNoiteFora2.jpg,Rolha,B,Branco,Noite,Fora,2
RolhaBWNoiteFora3.jpg,Rolha,B,Branco,Noite,Fora,3
RolhaCWNoiteFora1.jpg,Rolha,C,Branco,Noite,Fora,1
RolhaCWNoiteFora2.jpg,Rolha,C,Branco,Noite,Fora,2
RolhaCWNoiteFora3.jpg,Rolha,C,Branco,Noite,Fora,3
RolhaAGNoiteFora1.jpg,Rolha,A,Verde,Noite,Fora,1
RolhaAGNoiteFora2.jpg,Rolha,A,Verde,Noite,Fora,2
RolhaAGNoiteFora3.jpg,Rolha,A,Verde,Noite,Fora,3
RolhaBGNoiteFora1.jpg,Rolha,B,Verde,Noite,Fora,1
RolhaBGNoiteFora2.jpg,Rolha,B,Verde,Noite,Fora,2
RolhaBGNoiteFora3.jpg,Rolha,B,Verde,Noite,Fora,3
RolhaCGNoiteFora1.jpg,Rolha,C,Verde,Noite,Fora,1
RolhaCGNoiteFora2.jpg,Rolha,C,Verde,Noite,Fora,2
RolhaCGNoiteFora3.jpg,Rolha,C,Verde,Noite,Fora,3
RolhaARNoiteFora1.jpg,Rolha,A,Vermelho,Noite,Fora,1
RolhaARNoiteFora2.jpg,Rolha,A,Vermelho,Noite,Fora,2
RolhaARNoiteFora3.jpg,Rolha,A,Vermelho,Noite,Fora,3
RolhaBRNoiteFora1.jpg,Rolha,B,Vermelho,Noite,Fora,1
RolhaBRNoiteFora2.jpg,Rolha,B,Vermelho,Noite,Fora,2
RolhaBRNoiteFora3.jpg,Rolha,B,Vermelho,Noite,Fora,3
RolhaCRNoiteFora1.jpg,Rolha,C,Vermelho,Noite,Fora,1
RolhaCRNoiteFora2.jpg,Rolha,C,Vermelho,Noite,Fora,2
RolhaCRNoiteFora3.jpg,Rolha,C,Vermelho,Noite,Fora,3
LivroAGDiaDentro1.jpg,Livro,A,Verde,Dia,Dentro,1
LivroAGDiaDentro2.jpg,Livro,A,Verde,Dia,Dentro,2
LivroAGDiaDentro3.jpg,Livro,A,Verde,Dia,Dentro,3
LivroARDiaDentro1.jpg,Livro,A,Vermelho,Dia,Dentro,1
LivroARDiaDentro2.jpg,Livro,A,Vermelho,Dia,Dentro,2
LivroARDiaDentro3.jpg,Livro,A,Vermelho,Dia,Dentro,3
LivroAWDiaDentro1.jpg,Livro,A,Branco,Dia,Dentro,1
LivroAWDiaDentro2.jpg,Livro,A,Branco,Dia,Dentro,2
LivroAWDiaDentro3.jpg,Livro,A,Branco,Dia,Dentro,3
LivroBGDiaDentro1.jpg,Livro,B,Verde,Dia,Dentro,1
LivroBGDiaDentro2.jpg,Livro,B,Verde,Dia,Dentro,2
LivroBGDiaDentro3.jpg,Livro,B,Verde,Dia,Dentro,3
LivroBRDiaDentro1.jpg,Livro,B,Vermelho,Dia,Dentro,1
LivroBRDiaDentro2.jpg,Livro,B,Vermelho,Dia,Dentro,2
LivroBRDiaDentro3.jpg,Livro,B,Vermelho,Dia,Dentro,3
LivroBWDiaDentro1.jpg,Livro,B,Branco,Dia,Dentro,1
LivroBWDiaDentro2.jpg,Livro,B,Branco,Dia,Dentro,2
LivroBWDiaDentro3.jpg,Livro,B,Branco,Dia,Dentro,3
LivroCGDiaDentro1.jpg,Livro,C,Verde,Dia,Dentro,1
LivroCGDiaDentro2.jpg,Livro,C,Verde,Dia,Dentro,2
LivroCGDiaDentro3.jpg,Livro,C,Verde,Dia,Dentro,3
LivroCRDiaDentro1.jpg,Livro,C,Vermelho,Dia,Dentro,1
LivroCRDiaDentro2.jpg,Livro,C,Vermelho,Dia,Dentro,2
LivroCRDiaDentro3.jpg,Livro,C,Vermelho,Dia,Dentro,3
LivroCWDiaDentro1.jpg,Livro,C,Branco,Dia,Dentro,1
LivroCWDiaDentro2.jpg,Livro,C,Branco,Dia,Dentro,2
LivroCWDiaDentro3.jpg,Livro,C,Branco,Dia,Dentro,3
LivroAGDiaFora1.jpg,Livro,A,Verde,Dia,Fora,1
LivroAGDiaFora2.jpg,Livro,A,Verde,Dia,Fora,2
LivroAGDiaFora3.jpg,Livro,A,Verde,Dia,Fora,3
LivroARDiaFora1.jpg,Livro,A,Vermelho,Dia,Fora,1
LivroARDiaFora2.jpg,Livro,A,Vermelho,Dia,Fora,2
LivroARDiaFora3.jpg,Livro,A,Vermelho,Dia,Fora,3
LivroAWDiaFora1.jpg,Livro,A,Branco,Dia,Fora,1
LivroAWDiaFora2.jpg,Livro,A,Branco,Dia,Fora,2
LivroAWDiaFora3.jpg,Livro,A,Branco,Dia,Fora,3
LivroBGDiaFora1.jpg,Livro,B,Verde,Dia,Fora,1
LivroBGDiaFora2.jpg,Livro,B,Verde,Dia,Fora,2
LivroBGDiaFora3.jpg,Livro,B,Verde,Dia,Fora,3
LivroBRDiaFora1.jpg,Livro,B,Vermelho,Dia,Fora,1
LivroBRDiaFora2.jpg,Livro,B,Vermelho,Dia,Fora,2
LivroBRDiaFora3.jpg,Livro,B,Vermelho,Dia,Fora,3
LivroBWDiaFora1.jpg,Livro,B,Branco,Dia,Fora,1
LivroBWDiaFora2.jpg,Livro,B,Branco,Dia,Fora,2
LivroBWDiaFora3.jpg,Livro,B,Branco,Dia,Fora,3
LivroCGDiaFora1.jpg,Livro,C,Verde,Dia,Fora,1
LivroCGDiaFora2.jpg,Livro,C,Verde,Dia,Fora,2
LivroCGDiaFora3.jpg,Livro,C,Verde,Dia,Fora,3
LivroCRDiaFora1.jpg,Livro,C,Vermelho,Dia,Fora,1
LivroCRDiaFora2.jpg,Livro,C,Vermelho,Dia,Fora,2
LivroCRDiaFora3.jpg,Livro,C,Vermelho,Dia,Fora,3
LivroCWDiaFora1.jpg,Livro,C,Branco,Dia,Fora,1
LivroCWDiaFora2.jpg,Livro,C,Branco,Dia,Fora,2
LivroCWDiaFora3.jpg,Livro,C,Branco,Dia,Fora,3
LivroAGNoiteDentro1.jpg,Livro,A,Verde,Noite,Dentro,1
LivroAGNoiteDentro2.jpg,Livro,A,Verde,Noite,Dentro,2
LivroAGNoiteDentro3.jpg,Livro,A,Verde,Noite,Dentro,3
LivroARNoiteDentro1.jpg,Livro,A,Vermelho,Noite,Dentro,1
LivroARNoiteDentro2.jpg,Livro,A,Vermelho,Noite,Dentro,2
LivroARNoiteDentro3.jpg,Livro,A,Vermelho,Noite,Dentro,3
LivroAWNoiteDentro1.jpg,Livro,A,Branco,Noite,Dentro,1
LivroAWNoiteDentro2.jpg,Livro,A,Branco,Noite,Dentro,2
LivroAWNoiteDentro3.jpg,Livro,A,Branco,Noite,Dentro,3
LivroBGNoiteDentro1.jpg,Livro,B,Verde,Noite,Dentro,1
LivroBGNoiteDentro2.jpg,Livro,B,Verde,Noite,Dentro,2
LivroBGNoiteDentro3.jpg,Livro,B,Verde,Noite,Dentro,3
LivroBRNoiteDentro1.jpg,Livro,B,Vermelho,Noite,Dentro,1
LivroBRNoiteDentro2.jpg,Livro,B,Vermelho,Noite,Dentro,2
LivroBRNoiteDentro3.jpg,Livro,B,Vermelho,Noite,Dentro,3
LivroBWNoiteDentro1.jpg,Livro,B,Branco,Noite,Dentro,1
LivroBWNoiteDentro2.jpg,Livro,B,Branco,Noite,Dentro,2
LivroBWNoiteDentro3.jpg,Livro,B,Branco,Noite,Dentro,3
LivroCGNoiteDentro1.jpg,Livro,C,Verde,Noite,Dentro,1
LivroCGNoiteDentro2.jpg,Livro,C,Verde,Noite,Dentro,2
LivroCGNoiteDentro3.jpg,Livro,C,Verde,Noite,Dentro,3
LivroCRNoiteDentro1.jpg,Livro,C,Vermelho,Noite,Dentro,1
LivroCRNoiteDentro2.jpg,Livro,C,Vermelho,Noite,Dentro,2
LivroCRNoiteDentro3.jpg,Livro,C,Vermelho,Noite,Dentro,3
LivroCWNoiteDentro1.jpg,Livro,C,Branco,Noite,Dentro,1
LivroCWNoiteDentro2.jpg,Livro,C,Branco,Noite,Dentro,2
LivroCWNoiteDentro3.jpg,Livro,C,Branco,Noite,Dentro,3
LivroAGNoiteFora1.jpg,Livro,A,Verde,Noite,Fora,1
LivroAGNoiteFora2.jpg,Livro,A,Verde,Noite,Fora,2
LivroAGNoiteFora3.jpg,Livro,A,Verde,Noite,Fora,3
LivroARNoiteFora1.jpg,Livro,A,Vermelho,Noite,Fora,1
LivroARNoiteFora2.jpg,Livro,A,Vermelho,Noite,Fora,2
LivroARNoiteFora3.jpg,Livro,A,Vermelho,Noite,Fora,3
LivroAWNoiteFora1.jpg,Livro,A,Branco,Noite,Fora,1
LivroAWNoiteFora2.jpg,Livro,A,Branco,Noite,Fora,2
LivroAWNoiteFora3.jpg,Livro,A,Branco,Noite,Fora,3
LivroBGNoiteFora1.jpg,Livro,B,Verde,Noite,Fora,1
LivroBGNoiteFora2.jpg,Livro,B,Verde,Noite,Fora,2
LivroBGNoiteFora3.jpg,Livro,B,Verde,Noite,Fora,3
LivroBRNoiteFora1.jpg,Livro,B,Vermelho,Noite,Fora,1
LivroBRNoiteFora2.jpg,Livro,B,Vermelho,Noite,Fora,2
LivroBRNoiteFora3.jpg,Livro,B,Vermelho,Noite,Fora,3
LivroBWNoiteFora1.jpg,Livro,B,Branco,Noite,Fora,1
LivroBWNoiteFora2.jpg,Livro,B,Branco,Noite,Fora,2
LivroBWNoiteFora3.jpg,Livro,B,Branco,Noite,Fora,3
LivroCGNoiteFora1.jpg,Livro,C,Verde,Noite,Fora,1
LivroCGNoiteFora2.jpg,Livro,C,Verde,Noite,Fora,2
LivroCGNoiteFora3.jpg,Livro,C,Verde,Noite,Fora,3
LivroCRNoiteFora1.jpg,Livro,C,Vermelho,Noite,Fora,1
LivroCRNoiteFora2.jpg,Livro,C,Vermelho,Noite,Fora,2
LivroCRNoiteFora3.jpg,Livro,C,Vermelho,Noite,Fora,3
LivroCWNoiteFora1.jpg,Livro,C,Branco,Noite,Fora,1
LivroCWNoiteFora2.jpg,Livro,C,Branco,Noite,Fora,2
LivroCWNoiteFora3.jpg,Livro,C,Branco,Noite,Fora,3
ColherAWNoiteDentro1.jpg,Colher,A,Branco,Noite,Dentro,1
ColherAWNoiteDentro2.jpg,Colher,A,Branco,Noite,Dentro,2
ColherAWNoiteDentro3.jpg,Colher,A,Branco,Noite,Dentro,3
ColherBWNoiteDentro1.jpg,Colher,B,Branco,Noite,Dentro,1
ColherBWNoiteDentro2.jpg,Colher,B,Branco,Noite,Dentro,2
ColherBWNoiteDentro3.jpg,Colher,B,Branco,Noite,Dentro,3
ColherCWNoiteDentro1.jpg,Colher,C,Branco,Noite,Dentro,1
ColherCWNoiteDentro2.jpg,Colher,C,Branco,Noite,Dentro,2
ColherCWNoiteDentro3.jpg,Colher,C,Branco,Noite,Dentro,3
GarfoAWNoiteDentro1.jpg,Garfo,A,Branco,Noite,Dentro,1
GarfoAWNoiteDentro2.jpg,Garfo,A,Branco,Noite,Dentro,2
GarfoAWNoiteDentro3.jpg,Garfo,A,Branco,Noite,Dentro,3
GarfoBWNoiteDentro1.jpg,Garfo,B,Branco,Noite,Dentro,1
GarfoBWNoiteDentro2.jpg,Garfo,B,Branco,Noite,Dentro,2
GarfoBWNoiteDentro3.jpg,Garfo,B,Branco,Noite,Dentro,3
GarfoCWNoiteDentro1.jpg,Garfo,C,Branco,Noite,Dentro,1
GarfoCWNoiteDentro2.jpg,Garfo,C,Branco,Noite,Dentro,2
GarfoCWNoiteDentro3.jpg,Garfo,C,Branco,Noite,Dentro,3
CanetaAWNoiteDentro1.jpg,Caneta,A,Branco,Noite,Dentro,1
CanetaAWNoiteDentro2.jpg,Caneta,A,Branco,Noite,Dentro,2
CanetaAWNoiteDentro3.jpg,Caneta,A,Branco,Noite,Dentro,3
CanetaBWNoiteDentro1.jpg,Caneta,B,Branco,Noite,Dentro,1
CanetaBWNoiteDentro2.jpg,Caneta,B,Branco,Noite,Dentro,2
CanetaBWNoiteDentro3.jpg,Caneta,B,Branco,Noite,Dentro,3
CanetaCWNoiteDentro1.jpg,Caneta,C,Branco,Noite,Dentro,1
CanetaCWNoiteDentro2.jpg,Caneta,C,Branco,Noite,Dentro,2
CanetaCWNoiteDentro3.jpg,Caneta,C,Branco,Noite,Dentro,3
ColherARNoiteDentro1.jpg,Colher,A,Vermelho,Noite,Dentro,1
ColherARNoiteDentro2.jpg,Colher,A,Vermelho,Noite,Dentro,2
ColherARNoiteDentro3.jpg,Colher,A,Vermelho,Noite,Dentro,3
ColherBRNoiteDentro1.jpg,Colher,B,Vermelho,Noite,Dentro,1
ColherBRNoiteDentro2.jpg,Colher,B,Vermelho,Noite,Dentro,2
ColherBRNoiteDentro3.jpg,Colher,B,Vermelho,Noite,Dentro,3
ColherCRNoiteDentro1.jpg,Colher,C,Vermelho,Noite,Dentro,1
ColherCRNoiteDentro2.jpg,Colher,C,Vermelho,Noite,Dentro,2
ColherCRNoiteDentro3.jpg,Colher,C,Vermelho,Noite,Dentro,3
GarfoARNoiteDentro1.jpg,Garfo,A,Vermelho,Noite,Dentro,1
GarfoARNoiteDentro2.jpg,Garfo,A,Vermelho,Noite,Dentro,2
GarfoARNoiteDentro3.jpg,Garfo,A,Vermelho,Noite,Dentro,3
GarfoBRNoiteDentro1.jpg,Garfo,B,Vermelho,Noite,Dentro,1
GarfoBRNoiteDentro2.jpg,Garfo,B,Vermelho,Noite,Dentro,2
GarfoBRNoiteDentro3.jpg,Garfo,B,Vermelho,Noite,Dentro,3
GarfoCRNoiteDentro1.jpg,Garfo,C,Vermelho,Noite,Dentro,1
GarfoCRNoiteDentro2.jpg,Garfo,C,Vermelho,Noite,Dentro,2
GarfoCRNoiteDentro3.jpg,Garfo,C,Vermelho,Noite,Dentro,3
CanetaARNoiteDentro1.jpg,Caneta,A,Vermelho,Noite,Dentro,1
CanetaARNoiteDentro2.jpg,Caneta,A,Vermelho,Noite,Dentro,2
CanetaARNoiteDentro3.jpg,Caneta,A,Vermelho,Noite,Dentro,3
CanetaBRNoiteDentro1.jpg,Caneta,B,Vermelho,Noite,Dentro,1
CanetaBRNoiteDentro2.jpg,Caneta,B,Vermelho,Noite,Dentro,2
CanetaBRNoiteDentro3.jpg,Caneta,B,Vermelho,Noite,Dentro,3
CanetaCRNoiteDentro1.jpg,Caneta,C,Vermelho,Noite,Dentro,1
CanetaCRNoiteDentro2.jpg,Caneta,C,Vermelho,Noite,Dentro,2
CanetaCRNoiteDentro3.jpg,Caneta,C,Vermelho,Noite,Dentro,3
ColherAGNoiteDentro1.jpg,Colher,A,Verde,Noite,Dentro,1
ColherAGNoiteDentro2.jpg,Colher,A,Verde,Noite,Dentro,2
ColherAGNoiteDentro3.jpg,Colher,A,Verde,Noite,Dentro,3
ColherBGNoiteDentro1.jpg,Colher,B,Verde,Noite,Dentro,1
ColherBGNoiteDentro2.jpg,Colher,B,Verde,Noite,Dentro,2
ColherBGNoiteDentro3.jpg,Colher,B,Verde,Noite,Dentro,3
ColherCGNoiteDentro1.jpg,Colher,C,Verde,Noite,Dentro,1
ColherCGNoiteDentro2.jpg,Colher,C,Verde,Noite,Dentro,2
ColherCGNoiteDentro3.jpg,Colher,C,Verde,Noite,Dentro,3
GarfoAGNoiteDentro1.jpg,Garfo,A,Verde,Noite,Dentro,1
GarfoAGNoiteDentro2.jpg,Garfo,A,Verde,Noite,Dentro,2
GarfoAGNoiteDentro3.jpg,Garfo,A,Verde,Noite,Dentro,3
GarfoBGNoiteDentro1.jpg,Garfo,B,Verde,Noite,Dentro,1
GarfoBGNoiteDentro2.jpg,Garfo,B,Verde,Noite,Dentro,2
GarfoBGNoiteDentro3.jpg,Garfo,B,Verde,Noite,Dentro,3
GarfoCGNoiteDentro1.jpg,Garfo,C,Verde,Noite,Dentro,1
GarfoCGNoiteDentro2.jpg,Garfo,C,Verde,Noite,Dentro,2
GarfoCGNoiteDentro3.jpg,Garfo,C,Verde,Noite,Dentro,3
CanetaAGNoiteDentro1.jpg,Caneta,A,Verde,Noite,Dentro,1
CanetaAGNoiteDentro2.jpg,Caneta,A,Verde,Noite,Dentro,2
CanetaAGNoiteDentro3.jpg,Caneta,A,Verde,Noite,Dentro,3
CanetaBGNoiteDentro1.jpg,Caneta,B,Verde,Noite,Dentro,1
CanetaBGNoiteDentro2.jpg,Caneta,B,Verde,Noite,Dentro,2
CanetaBGNoiteDentro3.jpg,Caneta,B,Verde,Noite,Dentro,3
CanetaCGNoiteDentro1.jpg,Caneta,C,Verde,Noite,Dentro,1
CanetaCGNoiteDentro2.jpg,Caneta,C,Verde,Noite,Dentro,2
CanetaCGNoiteDentro3.jpg,Caneta,C,Verde,Noite,Dentro,3
ColherAWNoiteFora1.jpg,Colher,A,Branco,Noite,Fora,1
ColherAWNoiteFora2.jpg,Colher,A,Branco,Noite,Fora,2
ColherAWNoiteFora3.jpg,Colher,A,Branco,Noite,Fora,3
ColherBWNoiteFora1.jpg,Colher,B,Branco,Noite,Fora,1
ColherBWNoiteFora2.jpg,Colher,B,Branco,Noite,Fora,2
ColherBWNoiteFora3.jpg,Colher,B,Branco,Noite,Fora,3
ColherCWNoiteFora1.jpg,Colher,C,Branco,Noite,Fora,1
ColherCWNoiteFora2.jpg,Colher,C,Branco,Noite,Fora,2
ColherCWNoiteFora3.jpg,Colher,C,Branco,Noite,Fora,3
GarfoAWNoiteFora1.jpg,Garfo,A,Branco,Noite,Fora,1
GarfoAWNoiteFora2.jpg,Garfo,A,Branco,Noite,Fora,2
GarfoAWNoiteFora3.jpg,Garfo,A,Branco,Noite,Fora,3
GarfoBWNoiteFora1.jpg,Garfo,B,Branco,Noite,Fora,1
GarfoBWNoiteFora2.jpg,Garfo,B,Branco,Noite,Fora,2
GarfoBWNoiteFora3.jpg,Garfo,B,Branco,Noite,Fora,3
GarfoCWNoiteFora1.jpg,Garfo,C,Branco,Noite,Fora,1
GarfoCWNoiteFora2.jpg,Garfo,C,Branco,Noite,Fora,2
GarfoCWNoiteFora3.jpg,Garfo,C,Branco,Noite,Fora,3
CanetaAWNoiteFora1.jpg,Caneta,A,Branco,Noite,Fora,1
CanetaAWNoiteFora2.jpg,Caneta,A,Branco,Noite,Fora,2
CanetaAWNoiteFora3.jpg,Caneta,A,Branco,Noite,Fora,3
CanetaBWNoiteFora1.jpg,Caneta,B,Branco,Noite,Fora,1
CanetaBWNoiteFora2.jpg,Caneta,B,Branco,Noite,Fora,2
CanetaBWNoiteFora3.jpg,Caneta,B,Branco,Noite,Fora,3
CanetaCWNoiteFora1.jpg,Caneta,C,Branco,Noite,Fora,1
CanetaCWNoiteFora2.jpg,Caneta,C,Branco,Noite,Fora,2
CanetaCWNoiteFora3.jpg,Caneta,C,Branco,Noite,Fora,3
ColherARNoiteFora1.jpg,Colher,A,Vermelho,Noite,Fora,1
ColherARNoiteFora2.jpg,Colher,A,Vermelho,Noite,Fora,2
ColherARNoiteFora3.jpg,Colher,A,Vermelho,Noite,Fora,3
ColherBRNoiteFora1.jpg,Colher,B,Vermelho,Noite,Fora,1
ColherBRNoiteFora2.jpg,Colher,B,Vermelho,Noite,Fora,2
ColherBRNoiteFora3.jpg,Colher,B,Vermelho,Noite,Fora,3
ColherCRNoiteFora1.jpg,Colher,C,Vermelho,Noite,Fora,1
ColherCRNoiteFora2.jpg,Colher,C,Vermelho,Noite,Fora,2
ColherCRNoiteFora3.jpg,Colher,C,Vermelho,Noite,Fora,3
GarfoARNoiteFora1.jpg,Garfo,A,Vermelho,Noite,Fora,1
GarfoARNoiteFora2.jpg,Garfo,A,Vermelho,Noite,Fora,2
GarfoARNoiteFora3.jpg,Garfo,A,Vermelho,Noite,Fora,3
GarfoBRNoiteFora1.jpg,Garfo,B,Vermelho,Noite,Fora,1
GarfoBRNoiteFora2.jpg,Garfo,B,Vermelho,Noite,Fora,2
GarfoBRNoiteFora3.jpg,Garfo,B,Vermelho,Noite,Fora,3
GarfoCRNoiteFora1.jpg,Garfo,C,Vermelho,Noite,Fora,1
GarfoCRNoiteFora2.jpg,Garfo,C,Vermelho,Noite,Fora,2
GarfoCRNoiteFora3.jpg,Garfo,C,Vermelho,Noite,Fora,3
CanetaARNoiteFora1.jpg,Caneta,A,Vermelho,Noite,Fora,1
CanetaARNoiteFora2.jpg,Caneta,A,Vermelho,Noite,Fora,2
CanetaARNoiteFora3.jpg,Caneta,A,Vermelho,Noite,Fora,3
CanetaBRNoiteFora1.jpg,Caneta,B,Vermelho,Noite,Fora,1
CanetaBRNoiteFora2.jpg,Caneta,B,Vermelho,Noite,Fora,2
CanetaBRNoiteFora3.jpg,Caneta,B,Vermelho,Noite,Fora,3
CanetaCRNoiteFora1.jpg,Caneta,C,Vermelho,Noite,Fora,1
CanetaCRNoiteFora2.jpg,Caneta,C,Vermelho,Noite,Fora,2
CanetaCRNoiteFora3.jpg,Caneta,C,Vermelho,Noite,Fora,3
ColherAGNoiteFora1.jpg,Colher,A,Verde,Noite,Fora,1
ColherAGNoiteFora2.jpg,Colher,A,Verde,Noite,Fora,2
ColherAGNoiteFora3.jpg,Colher,A,Verde,Noite,Fora,3
ColherBGNoiteFora1.jpg,Colher,B,Verde,Noite,Fora,1
ColherBGNoiteFora2.jpg,Colher,B,Verde,Noite,Fora,2
ColherBGNoiteFora3.jpg,Colher,B,Verde,Noite,Fora,3
ColherCGNoiteFora1.jpg,Colher,C,Verde,Noite,Fora,1
ColherCGNoiteFora2.jpg,Colher,C,Verde,Noite,Fora,2
ColherCGNoiteFora3.jpg,Colher,C,Verde,Noite,Fora,3
GarfoAGNoiteFora1.jpg,Garfo,A,Verde,Noite,Fora,1
GarfoAGNoiteFora2.jpg,Garfo,A,Verde,Noite,Fora,2
GarfoAGNoiteFora3.jpg,Garfo,A,Verde,Noite,Fora,3
GarfoBGNoiteFora1.jpg,Garfo,B,Verde,Noite,Fora,1
GarfoBGNoiteFora2.jpg,Garfo,B,Verde,Noite,Fora,2
GarfoBGNoiteFora3.jpg,Garfo,B,Verde,Noite,Fora,3
GarfoCGNoiteFora1.jpg,Garfo,C,Verde,Noite,Fora,1
GarfoCGNoiteFora2.jpg,Garfo,C,Verde,Noite,Fora,2
GarfoCGNoiteFora3.jpg,Garfo,C,Verde,Noite,Fora,3
CanetaAGNoiteFora1.jpg,Caneta,A,Verde,Noite,Fora,1
CanetaAGNoiteFora2.jpg,Caneta,A,Verde,Noite,Fora,2
CanetaAGNoiteFora3.jpg,Caneta,A,Verde,Noite,Fora,3
CanetaBGNoiteFora1.jpg,Caneta,B,Verde,Noite,Fora,1
CanetaBGNoiteFora2.jpg,Caneta,B,Verde,Noite,Fora,2
CanetaBGNoiteFora3.jpg,Caneta,B,Verde,Noite,Fora,3
CanetaCGNoiteFora1.jpg,Caneta,C,Verde,Noite,Fora,1
CanetaCGNoiteFora2.jpg,Caneta,C,Verde,Noite,Fora,2
CanetaCGNoiteFora3.jpg,Caneta,C,Verde,Noite,Fora,3
ColherAWDiaDentro1.jpg,Colher,A,Branco,Dia,Dentro,1
ColherAWDiaDentro2.jpg,Colher,A,Branco,Dia,Dentro,2
ColherAWDiaDentro3.jpg,Colher,A,Branco,Dia,Dentro,3
ColherBWDiaDentro1.jpg,Colher,B,Branco,Dia,Dentro,1
ColherBWDiaDentro2.jpg,Colher,B,Branco,Dia,Dentro,2
ColherBWDiaDentro3.jpg,Colher,B,Branco,Dia,Dentro,3
ColherCWDiaDentro1.jpg,Colher,C,Branco,Dia,Dentro,1
ColherCWDiaDentro2.jpg,Colher,C,Branco,Dia,Dentro,2
ColherCWDiaDentro3.jpg,Colher,C,Branco,Dia,Dentro,3
GarfoAWDiaDentro1.jpg,Garfo,A,Branco,Dia,Dentro,1
GarfoAWDiaDentro2.jpg,Garfo,A,Branco,Dia,Dentro,2
GarfoAWDiaDentro3.jpg,Garfo,A,Branco,Dia,Dentro,3
GarfoBWDiaDentro1.jpg,Garfo,B,Branco,Dia,Dentro,1
GarfoBWDiaDentro2.jpg,Garfo,B,Branco,Dia,Dentro,2
GarfoBWDiaDentro3.jpg,Garfo,B,Branco,Dia,Dentro,3
GarfoCWDiaDentro1.jpg,Garfo,C,Branco,Dia,Dentro,1
GarfoCWDiaDentro2.jpg,Garfo,C,Branco,Dia,Dentro,2
GarfoCWDiaDentro3.jpg,Garfo,C,Branco,Dia,Dentro,3
CanetaAWDiaDentro1.jpg,Caneta,A,Branco,Dia,Dentro,1
CanetaAWDiaDentro2.jpg,Caneta,A,Branco,Dia,Dentro,2
CanetaAWDiaDentro3.jpg,Caneta,A,Branco,Dia,Dentro,3
CanetaBWDiaDentro1.jpg,Caneta,B,Branco,Dia,Dentro,1
CanetaBWDiaDentro2.jpg,Caneta,B,Branco,Dia,Dentro,2
CanetaBWDiaDentro3.jpg,Caneta,B,Branco,Dia,Dentro,3
CanetaCWDiaDentro1.jpg,Caneta,C,Branco,Dia,Dentro,1
CanetaCWDiaDentro2.jpg,Caneta,C,Branco,Dia,Dentro,2
CanetaCWDiaDentro3.jpg,Caneta,C,Branco,Dia,Dentro,3
ColherARDiaDentro1.jpg,Colher,A,Vermelho,Dia,Dentro,1
ColherARDiaDentro2.jpg,Colher,A,Vermelho,Dia,Dentro,2
ColherARDiaDentro3.jpg,Colher,A,Vermelho,Dia,Dentro,3
ColherBRDiaDentro1.jpg,Colher,B,Vermelho,Dia,Dentro,1
ColherBRDiaDentro2.jpg,Colher,B,Vermelho,Dia,Dentro,2
ColherBRDiaDentro3.jpg,Colher,B,Vermelho,Dia,Dentro,3
ColherCRDiaDentro1.jpg,Colher,C,Vermelho,Dia,Dentro,1
ColherCRDiaDentro2.jpg,Colher,C,Vermelho,Dia,Dentro,2
ColherCRDiaDentro3.jpg,Colher,C,Vermelho,Dia,Dentro,3
GarfoARDiaDentro1.jpg,Garfo,A,Vermelho,Dia,Dentro,1
GarfoARDiaDentro2.jpg,Garfo,A,Vermelho,Dia,Dentro,2
GarfoARDiaDentro3.jpg,Garfo,A,Vermelho,Dia,Dentro,3
GarfoBRDiaDentro1.jpg,Garfo,B,Vermelho,Dia,Dentro,1
GarfoBRDiaDentro2.jpg,Garfo,B,Vermelho,Dia,Dentro,2
GarfoBRDiaDentro3.jpg,Garfo,B,Vermelho,Dia,Dentro,3
GarfoCRDiaDentro1.jpg,Garfo,C,Vermelho,Dia,Dentro,1
GarfoCRDiaDentro2.jpg,Garfo,C,Vermelho,Dia,Dentro,2
GarfoCRDiaDentro3.jpg,Garfo,C,Vermelho,Dia,Dentro,3
CanetaARDiaDentro1.jpg,Caneta,A,Vermelho,Dia,Dentro,1
CanetaARDiaDentro2.jpg,Caneta,A,Vermelho,Dia,Dentro,2
CanetaARDiaDentro3.jpg,Caneta,A,Vermelho,Dia,Dentro,3
CanetaBRDiaDentro1.jpg,Caneta,B,Vermelho,Dia,Dentro,1
CanetaBRDiaDentro2.jpg,Caneta,B,Vermelho,Dia,Dentro,2
CanetaBRDiaDentro3.jpg,Caneta,B,Vermelho,Dia,Dentro,3
CanetaCRDiaDentro1.jpg,Caneta,C,Vermelho,Dia,Dentro,1
CanetaCRDiaDentro2.jpg,Caneta,C,Vermelho,Dia,Dentro,2
CanetaCRDiaDentro3.jpg,Caneta,C,Vermelho,Dia,Dentro,3
ColherAGDiaDentro1.jpg,Colher,A,Verde,Dia,Dentro,1
ColherAGDiaDentro2.jpg,Colher,A,Verde,Dia,Dentro,2
ColherAGDiaDentro3.jpg,Colher,A,Verde,Dia,Dentro,3
ColherBGDiaDentro1.jpg,Colher,B,Verde,Dia,Dentro,1
ColherBGDiaDentro2.jpg,Colher,B,Verde,Dia,Dentro,2
ColherBGDiaDentro3.jpg,Colher,B,Verde,Dia,Dentro,3
ColherCGDiaDentro1.jpg,Colher,C,Verde,Dia,Dentro,1
ColherCGDiaDentro2.jpg,Colher,C,Verde,Dia,Dentro,2
ColherCGDiaDentro3.jpg,Colher,C,Verde,Dia,Dentro,3
GarfoAGDiaDentro1.jpg,Garfo,A,Verde,Dia,Dentro,1
GarfoAGDiaDentro2.jpg,Garfo,A,Verde,Dia,Dentro,2
GarfoAGDiaDentro3.jpg,Garfo,A,Verde,Dia,Dentro,3
GarfoBGDiaDentro1.jpg,Garfo,B,Verde,Dia,Dentro,1
GarfoBGDiaDentro2.jpg,Garfo,B,Verde,Dia,Dentro,2
GarfoBGDiaDentro3.jpg,Garfo,B,Verde,Dia,Dentro,3
GarfoCGDiaDentro1.jpg,Garfo,C,Verde,Dia,Dentro,1
GarfoCGDiaDentro2.jpg,Garfo,C,Verde,Dia,Dentro,2
GarfoCGDiaDentro3.jpg,Garfo,C,Verde,Dia,Dentro,3
CanetaAGDiaDentro1.jpg,Caneta,A,Verde,Dia,Dentro,1
CanetaAGDiaDentro2.jpg,Caneta,A,Verde,Dia,Dentro,2
CanetaAGDiaDentro3.jpg,Caneta,A,Verde,Dia,Dentro,3
CanetaBGDiaDentro1.jpg,Caneta,B,Verde,Dia,Dentro,1
CanetaBGDiaDentro2.jpg,Caneta,B,Verde,Dia,Dentro,2
CanetaBGDiaDentro3.jpg,Caneta,B,Verde,Dia,Dentro,3
CanetaCGDiaDentro1.jpg,Caneta,C,Verde,Dia,Dentro,1
CanetaCGDiaDentro2.jpg,Caneta,C,Verde,Dia,Dentro,2
CanetaCGDiaDentro3.jpg,Caneta,C,Verde,Dia,Dentro,3
ColherAWDiaFora1.jpg,Colher,A,Branco,Dia,Fora,1
ColherAWDiaFora2.jpg,Colher,A,Branco,Dia,Fora,2
ColherAWDiaFora3.jpg,Colher,A,Branco,Dia,Fora,3
ColherBWDiaFora1.jpg,Colher,B,Branco,Dia,Fora,1
ColherBWDiaFora2.jpg,Colher,B,Branco,Dia,Fora,2
ColherBWDiaFora3.jpg,Colher,B,Branco,Dia,Fora,3
ColherCWDiaFora1.jpg,Colher,C,Branco,Dia,Fora,1
ColherCWDiaFora2.jpg,Colher,C,Branco,Dia,Fora,2
ColherCWDiaFora3.jpg,Colher,C,Branco,Dia,Fora,3
GarfoAWDiaFora1.jpg,Garfo,A,Branco,Dia,Fora,1
GarfoAWDiaFora2.jpg,Garfo,A,Branco,Dia,Fora,2
GarfoAWDiaFora3.jpg,Garfo,A,Branco,Dia,Fora,3
GarfoBWDiaFora1.jpg,Garfo,B,Branco,Dia,Fora,1
GarfoBWDiaFora2.jpg,Garfo,B,Branco,Dia,Fora,2
GarfoBWDiaFora3.jpg,Garfo,B,Branco,Dia,Fora,3
GarfoCWDiaFora1.jpg,Garfo,C,Branco,Dia,Fora,1
GarfoCWDiaFora2.jpg,Garfo,C,Branco,Dia,Fora,2
GarfoCWDiaFora3.jpg,Garfo,C,Branco,Dia,Fora,3
CanetaAWDiaFora1.jpg,Caneta,A,Branco,Dia,Fora,1
CanetaAWDiaFora2.jpg,Caneta,A,Branco,Dia,Fora,2
CanetaAWDiaFora3.jpg,Caneta,A,Branco,Dia,Fora,3
CanetaBWDiaFora1.jpg,Caneta,B,Branco,Dia,Fora,1
CanetaBWDiaFora2.jpg,Caneta,B,Branco,Dia,Fora,2
CanetaBWDiaFora3.jpg,Caneta,B,Branco,Dia,Fora,3
CanetaCWDiaFora1.jpg,Caneta,C,Branco,Dia,Fora,1
CanetaCWDiaFora2.jpg,Caneta,C,Branco,Dia,Fora,2
CanetaCWDiaFora3.jpg,Caneta,C,Branco,Dia,Fora,3
ColherARDiaFora1.jpg,Colher,A,Vermelho,Dia,Fora,1
ColherARDiaFora2.jpg,Colher,A,Vermelho,Dia,Fora,2
ColherARDiaFora3.jpg,Colher,A,Vermelho,Dia,Fora,3
ColherBRDiaFora1.jpg,Colher,B,Vermelho,Dia,Fora,1
ColherBRDiaFora2.jpg,Colher,B,Vermelho,Dia,Fora,2
ColherBRDiaFora3.jpg,Colher,B,Vermelho,Dia,Fora,3
ColherCRDiaFora1.jpg,Colher,C,Vermelho,Dia,Fora,1
ColherCRDiaFora2.jpg,Colher,C,Vermelho,Dia,Fora,2
ColherCRDiaFora3.jpg,Colher,C,Vermelho,Dia,Fora,3
GarfoARDiaFora1.jpg,Garfo,A,Vermelho,Dia,Fora,1
GarfoARDiaFora2.jpg,Garfo,A,Vermelho,Dia,Fora,2
GarfoARDiaFora3.jpg,Garfo,A,Vermelho,Dia,Fora,3
GarfoBRDiaFora1.jpg,Garfo,B,Vermelho,Dia,Fora,1
GarfoBRDiaFora2.jpg,Garfo,B,Vermelho,Dia,Fora,2
GarfoBRDiaFora3.jpg,Garfo,B,Vermelho,Dia,Fora,3
GarfoCRDiaFora1.jpg,Garfo,C,Vermelho,Dia,Fora,1
GarfoCRDiaFora2.jpg,Garfo,C,Vermelho,Dia,Fora,2
GarfoCRDiaFora3.jpg,Garfo,C,Vermelho,Dia,Fora,3
CanetaARDiaFora1.jpg,Caneta,A,Vermelho,Dia,Fora,1
CanetaARDiaFora2.jpg,Caneta,A,Vermelho,Dia,Fora,2
CanetaARDiaFora3.jpg,Caneta,A,Vermelho,Dia,Fora,3
CanetaBRDiaFora1.jpg,Caneta,B,Vermelho,Dia,Fora,1
CanetaBRDiaFora2.jpg,Caneta,B,Vermelho,Dia,Fora,2
CanetaBRDiaFora3.jpg,Caneta,B,Vermelho,Dia,Fora,3
CanetaCRDiaFora1.jpg,Caneta,C,Vermelho,Dia,Fora,1
CanetaCRDiaFora2.jpg,Caneta,C,Vermelho,Dia,Fora,2
CanetaCRDiaFora3.jpg,Caneta,C,Vermelho,Dia,Fora,3
ColherAGDiaFora1.jpg,Colher,A,Verde,Dia,Fora,1
ColherAGDiaFora2.jpg,Colher,A,Verde,Dia,Fora,2
ColherAGDiaFora3.jpg,Colher,A,Verde,Dia,Fora,3
ColherBGDiaFora1.jpg,Colher,B,Verde,Dia,Fora,1
ColherBGDiaFora2.jpg,Colher,B,Verde,Dia,Fora,2
ColherBGDiaFora3.jpg,Colher,B,Verde,Dia,Fora,3
ColherCGDiaFora1.jpg,Colher,C,Verde,Dia,Fora,1
ColherCGDiaFora2.jpg,Colher,C,Verde,Dia,Fora,2
ColherCGDiaFora3.jpg,Colher,C,Verde,Dia,Fora,3
GarfoAGDiaFora1.jpg,Garfo,A,Verde,Dia,Fora,1
GarfoAGDiaFora2.jpg,Garfo,A,Verde,Dia,Fora,2
GarfoAGDiaFora3.jpg,Garfo,A,Verde,Dia,Fora,3
GarfoBGDiaFora1.jpg,Garfo,B,Verde,Dia,Fora,1
GarfoBGDiaFora2.jpg,Garfo,B,Verde,Dia,Fora,2
GarfoBGDiaFora3.jpg,Garfo,B,Verde,Dia,Fora,3
GarfoCGDiaFora1.jpg,Garfo,C,Verde,Dia,Fora,1
GarfoCGDiaFora2.jpg,Garfo,C,Verde,Dia,Fora,2
GarfoCGDiaFora3.jpg,Garfo,C,Verde,Dia,Fora,3
CanetaAGDiaFora1.jpg,Caneta,A,Verde,Dia,Fora,1
CanetaAGDiaFora2.jpg,Caneta,A,Verde,Dia,Fora,2
CanetaAGDiaFora3.jpg,Caneta,A,Verde,Dia,Fora,3
CanetaBGDiaFora1.jpg,Caneta,B,Verde,Dia,Fora,1
CanetaBGDiaFora2.jpg,Caneta,B,Verde,Dia,Fora,2
CanetaBGDiaFora3.jpg,Caneta,B,Verde,Dia,Fora,3
CanetaCGDiaFora1.jpg,Caneta,C,Verde,Dia,Fora,1
CanetaCGDiaFora2.jpg,Caneta,C,Verde,Dia,Fora,2
CanetaCGDiaFora3.jpg,Caneta,C,Verde,Dia,Fora,3
